Year,Team,% returning
2009,Air Force,57.44
2009,Akron,47.58
2009,Alabama,57.18
2009,Alabama A&M,51.92
2009,Alabama St.,53.18
2009,Albany,42.16
2009,Alcorn St.,53.42
2009,American,79.1
2009,Appalachian St.,57.36
2009,Arizona,53.62
2009,Arizona St.,92.92
2009,Arkansas,19.08
2009,Little Rock,67.98
2009,Arkansas Pine Bluff,26.38
2009,Arkansas St.,52.36
2009,Army,72.54
2009,Auburn,66.5
2009,Austin Peay,51.42
2009,Ball St.,52.06
2009,Baylor,81.3
2009,Belmont,76
2009,Bethune Cookman,32.94
2009,Binghamton,45.3
2009,Boise St.,38.2
2009,Boston College,66.38
2009,Boston University,91.54
2009,Bowling Green,91.1
2009,Bradley,37.26
2009,Brown,62.36
2009,Bucknell,48.96
2009,Buffalo,96.38
2009,Butler,30.12
2009,BYU,42.34
2009,Cal Poly,64.64
2009,Cal St. Bakersfield,68.72
2009,Cal St. Fullerton,20.12
2009,Cal St. Northridge,59.54
2009,California,59.96
2009,Campbell,49.88
2009,Canisius,70.74
2009,Centenary,62.86
2009,Central Arkansas,48.9
2009,Central Connecticut,72.88
2009,Central Michigan,48.3
2009,Charleston Southern,61.28
2009,Charlotte,75.6
2009,Chattanooga,59.9
2009,Chicago St.,83.04
2009,Cincinnati,43.56
2009,Clemson,66.46
2009,Cleveland St.,68.82
2009,Coastal Carolina,56.12
2009,Colgate,38.46
2009,College of Charleston,97.58
2009,Colorado,42.7
2009,Colorado St.,70.1
2009,Columbia,44.9
2009,Connecticut,88.34
2009,Coppin St.,46.18
2009,Cornell,84.9
2009,Creighton,69.74
2009,Dartmouth,55.3
2009,Davidson,60.6
2009,Dayton,56.38
2009,Delaware,74.56
2009,Delaware St.,56.34
2009,Denver,44.64
2009,DePaul,49.32
2009,Detroit,59.78
2009,Drake,53.86
2009,Drexel,63.3
2009,Duke,79.44
2009,Duquesne,41.22
2009,East Carolina,42.04
2009,East Tennessee St.,50.98
2009,Eastern Illinois,37.58
2009,Eastern Kentucky,48.5
2009,Eastern Michigan,40.24
2009,Eastern Washington,71.04
2009,Elon,67.16
2009,Evansville,82.64
2009,Fairfield,84.84
2009,Fairleigh Dickinson,28.5
2009,FIU,58.34
2009,Florida,61.9
2009,Florida A&M,51.56
2009,Florida Atlantic,57.42
2009,Florida Gulf Coast,18.3
2009,Florida St.,46.58
2009,Fordham,32.24
2009,Fresno St.,18.6
2009,Furman,75.34
2009,Gardner Webb,72.5
2009,George Mason,59.32
2009,George Washington,74.88
2009,Georgetown,43.9
2009,Georgia,54.3
2009,Georgia Southern,50.54
2009,Georgia St.,56.22
2009,Georgia Tech,50.58
2009,Gonzaga,75.96
2009,Grambling St.,53.26
2009,Green Bay,79.82
2009,Hampton,60.6
2009,Hartford,76.96
2009,Harvard,67.52
2009,Hawaii,23.2
2009,High Point,49.54
2009,Hofstra,82.08
2009,Holy Cross,70.28
2009,Houston,41.7
2009,Howard,78.46
2009,Idaho,27.34
2009,Idaho St.,81.86
2009,Illinois,67.74
2009,Illinois Chicago,68.78
2009,Illinois St.,49.3
2009,Indiana,3.86
2009,Indiana St.,42.18
2009,Iona,33.12
2009,Iowa,44.96
2009,Iowa St.,55.94
2009,Fort Wayne,42.98
2009,IUPUI,50.18
2009,Jackson St.,65.64
2009,Jacksonville,90.46
2009,Jacksonville St.,58.54
2009,James Madison,76.4
2009,Kansas,17.74
2009,Kansas St.,36.34
2009,Kennesaw St.,45.82
2009,Kent St.,65.54
2009,Kentucky,50.08
2009,La Salle,74.5
2009,Lafayette,46.66
2009,Lamar,39.86
2009,Lehigh,80.64
2009,Liberty,30.62
2009,Lipscomb,58.76
2009,LIU Brooklyn,72.78
2009,Long Beach St.,75.22
2009,Longwood,44.1
2009,Louisiana Lafayette,69.7
2009,Louisiana Monroe,43.46
2009,Louisiana Tech,36.88
2009,Louisville,73.84
2009,Loyola Chicago,73.84
2009,Loyola Marymount,40.42
2009,Loyola MD,44.92
2009,LSU,77.78
2009,Maine,60.4
2009,Manhattan,86.3
2009,Marist,33.52
2009,Marquette,78.62
2009,Marshall,54.78
2009,Maryland,68.94
2009,Maryland Eastern Shore,34.52
2009,Massachusetts,55.56
2009,McNeese St.,46.94
2009,Memphis,52.7
2009,Mercer,59.7
2009,Miami FL,78.3
2009,Miami OH,68.92
2009,Michigan,73.44
2009,Michigan St.,73.6
2009,Middle Tennessee,82.4
2009,Milwaukee,51.36
2009,Minnesota,62.24
2009,Mississippi,59.08
2009,Mississippi St.,53.7
2009,Mississippi Valley St.,40.66
2009,Missouri,50.18
2009,Missouri St.,55.12
2009,Monmouth,84.5
2009,Montana,59.16
2009,Montana St.,37.9
2009,Morehead St.,63.38
2009,Morgan St.,47.1
2009,Mount St. Mary's,79.96
2009,Murray St.,64.1
2009,Navy,73.88
2009,Nebraska,73.26
2009,Nevada,45.88
2009,New Hampshire,83.42
2009,New Mexico,53.4
2009,New Mexico St.,30.62
2009,New Orleans,28.64
2009,Niagara,58.44
2009,Nicholls St.,72.44
2009,NJIT,47.06
2009,Norfolk St.,54.22
2009,North Carolina,85.12
2009,North Carolina A&T,30.84
2009,North Carolina Central,60.46
2009,North Carolina St.,62.98
2009,North Dakota St.,99.72
2009,North Florida,49.56
2009,North Texas,55.5
2009,Northeastern,94.1
2009,Northern Arizona,56.56
2009,Northern Colorado,71.14
2009,Northern Illinois,43.76
2009,Northern Iowa,58.04
2009,Northwestern,83.58
2009,Northwestern St.,58.98
2009,Notre Dame,84.82
2009,Oakland,69.18
2009,Ohio,52.76
2009,Ohio St.,46.18
2009,Oklahoma,68.66
2009,Oklahoma St.,74.86
2009,Old Dominion,61.06
2009,Oral Roberts,35.52
2009,Oregon,48.22
2009,Oregon St.,73.7
2009,Pacific,67.38
2009,Penn,63.16
2009,Penn St.,76.04
2009,Pepperdine,49.26
2009,Pittsburgh,66.34
2009,Portland,81.48
2009,Portland St.,51.06
2009,Prairie View A&M,39.44
2009,Presbyterian,74.94
2009,Princeton,40.92
2009,Providence,78.44
2009,Purdue,81.94
2009,Quinnipiac,51.24
2009,Radford,89
2009,Rhode Island,62.86
2009,Rice,55.14
2009,Richmond,69.34
2009,Rider,72.02
2009,Robert Morris,65.26
2009,Rutgers,85.8
2009,Sacramento St.,33.94
2009,Sacred Heart,50.46
2009,Saint Joseph's,61.48
2009,Saint Louis,51.9
2009,Saint Mary's,72.98
2009,Saint Peter's,50.84
2009,Sam Houston St.,35.14
2009,Samford,64.62
2009,San Diego,92.88
2009,San Diego St.,93.64
2009,San Francisco,54.44
2009,San Jose St.,79.92
2009,Santa Clara,40.02
2009,Savannah St.,64.4
2009,Seton Hall,51.96
2009,Siena,78.7
2009,SMU,58.34
2009,South Alabama,65.4
2009,South Carolina,86.74
2009,South Carolina St.,50.6
2009,South Dakota St.,73.72
2009,South Florida,55.1
2009,Southeast Missouri St.,36.76
2009,Southeastern Louisiana,60.12
2009,Southern,70.64
2009,Southern Illinois,41.6
2009,Southern Miss,83.92
2009,Southern Utah,43.3
2009,St. Bonaventure,33.54
2009,St. Francis NY,52.86
2009,St. Francis PA,71.26
2009,St. John's,75.3
2009,Stanford,55
2009,Stephen F. Austin,75.96
2009,Stetson,90.96
2009,Stony Brook,45.7
2009,Syracuse,72.52
2009,TCU,42.04
2009,Temple,70.46
2009,Tennessee,46.5
2009,Tennessee Martin,72.52
2009,Tennessee St.,40.98
2009,Tennessee Tech,42.84
2009,Texas,79.3
2009,Texas A&M,59.8
2009,Texas A&M Corpus Chris,64.38
2009,Texas Southern,57.44
2009,Texas St.,70.02
2009,Texas Tech,67.02
2009,The Citadel,97.4
2009,Toledo,72.04
2009,Towson,64.72
2009,Troy,37.96
2009,Tulane,62.04
2009,Tulsa,60.56
2009,UAB,73.12
2009,UC Davis,78.46
2009,UC Irvine,47.22
2009,UC Riverside,63.76
2009,UC Santa Barbara,45.2
2009,UCF,44.06
2009,UCLA,47.34
2009,UMBC,53.88
2009,UMKC,40.56
2009,UNC Asheville,35.36
2009,UNC Greensboro,49.96
2009,UNC Wilmington,36.34
2009,UNLV,52.06
2009,USC,55.2
2009,USC Upstate,54.52
2009,UT Arlington,50.28
2009,UT Rio Grande Valley,28.68
2009,Utah,83.54
2009,Utah St.,44.02
2009,Utah Valley,42.18
2009,UTEP,64.06
2009,UTSA,33.62
2009,Valparaiso,52.6
2009,Vanderbilt,43.62
2009,VCU,62.26
2009,Vermont,69.84
2009,Villanova,94.52
2009,Virginia,57.32
2009,Virginia Tech,82.72
2009,VMI,71.76
2009,Wagner,52.74
2009,Wake Forest,85.52
2009,Washington,69
2009,Washington St.,49.8
2009,Weber St.,37.48
2009,West Virginia,59.04
2009,Western Carolina,55.06
2009,Western Illinois,34.92
2009,Western Kentucky,50.06
2009,Western Michigan,68.68
2009,Wichita St.,35.2
2009,William & Mary,60.42
2009,Winston Salem St.,51.12
2009,Winthrop,38.06
2009,Wisconsin,65.84
2009,Wofford,60.7
2009,Wright St.,74.32
2009,Wyoming,52.32
2009,Xavier,53.26
2009,Yale,49.88
2009,Youngstown St.,46.22
2010,Air Force,46.36
2010,Akron,73.5
2010,Alabama,57.76
2010,Alabama A&M,54.82
2010,Alabama St.,28.06
2010,Albany,59.88
2010,Alcorn St.,39.56
2010,American,18.84
2010,Appalachian St.,84.26
2010,Arizona,52.12
2010,Arizona St.,65.86
2010,Arkansas,82.22
2010,Little Rock,40.62
2010,Arkansas Pine Bluff,89.06
2010,Arkansas St.,28.92
2010,Army,72.06
2010,Auburn,59.8
2010,Austin Peay,66.36
2010,Ball St.,38.14
2010,Baylor,46.6
2010,Belmont,36.82
2010,Bethune Cookman,62.56
2010,Binghamton,20.42
2010,Boise St.,59.5
2010,Boston College,83.92
2010,Boston University,77.58
2010,Bowling Green,49.62
2010,Bradley,70.58
2010,Brown,63.04
2010,Bryant,61.62
2010,Bucknell,73.9
2010,Buffalo,68.46
2010,Butler,100
2010,BYU,78.54
2010,Cal Poly,47.84
2010,Cal St. Bakersfield,60.28
2010,Cal St. Fullerton,59.56
2010,Cal St. Northridge,42.34
2010,California,79.86
2010,Campbell,85.68
2010,Canisius,88.74
2010,Centenary,33.16
2010,Central Arkansas,33.02
2010,Central Connecticut,56.44
2010,Central Michigan,46.68
2010,Charleston Southern,51.7
2010,Charlotte,69.58
2010,Chattanooga,27.06
2010,Chicago St.,35.62
2010,Cincinnati,77.9
2010,Clemson,60.64
2010,Cleveland St.,40.78
2010,Coastal Carolina,60.74
2010,Colgate,68.54
2010,College of Charleston,53.04
2010,Colorado,85.62
2010,Colorado St.,64.28
2010,Columbia,67.38
2010,Connecticut,37.74
2010,Coppin St.,49.76
2010,Cornell,87.56
2010,Creighton,69.74
2010,Dartmouth,62.66
2010,Davidson,54.72
2010,Dayton,84.72
2010,Delaware,50.68
2010,Delaware St.,54.8
2010,Denver,96.62
2010,DePaul,68.04
2010,Detroit,62.18
2010,Drake,47.52
2010,Drexel,67.14
2010,Duke,60.4
2010,Duquesne,80.96
2010,East Carolina,65.98
2010,East Tennessee St.,50.88
2010,Eastern Illinois,86.72
2010,Eastern Kentucky,63.38
2010,Eastern Michigan,58.04
2010,Eastern Washington,56.38
2010,Elon,65.7
2010,Evansville,33.38
2010,Fairfield,56.24
2010,Fairleigh Dickinson,68.58
2010,FIU,46.3
2010,Florida,65.46
2010,Florida A&M,55.18
2010,Florida Atlantic,42.22
2010,Florida Gulf Coast,63.54
2010,Florida St.,71.36
2010,Fordham,53.98
2010,Fresno St.,70.7
2010,Furman,73.62
2010,Gardner Webb,65.34
2010,George Mason,54.2
2010,George Washington,55.76
2010,Georgetown,68.48
2010,Georgia,49.28
2010,Georgia Southern,72.32
2010,Georgia St.,69.12
2010,Georgia Tech,71.68
2010,Gonzaga,39
2010,Grambling St.,36.5
2010,Green Bay,55.76
2010,Hampton,73.42
2010,Hartford,61.34
2010,Harvard,58.54
2010,Hawaii,58.54
2010,High Point,76.34
2010,Hofstra,54.3
2010,Holy Cross,64.98
2010,Houston,54.22
2010,Houston Baptist,13.3
2010,Howard,71.52
2010,Idaho,70.96
2010,Idaho St.,62.62
2010,Illinois,60.76
2010,Illinois Chicago,40.46
2010,Illinois St.,48.92
2010,Indiana,63.02
2010,Indiana St.,80.12
2010,Iona,57.4
2010,Iowa,51.82
2010,Iowa St.,62.58
2010,Fort Wayne,76.36
2010,IUPUI,76.26
2010,Jackson St.,62.36
2010,Jacksonville,72.46
2010,Jacksonville St.,46.9
2010,James Madison,54.4
2010,Kansas,89.3
2010,Kansas St.,63.34
2010,Kennesaw St.,85.7
2010,Kent St.,56.4
2010,Kentucky,62.34
2010,La Salle,72.14
2010,Lafayette,82.78
2010,Lamar,33.82
2010,Lehigh,81.64
2010,Liberty,49.78
2010,Lipscomb,69.5
2010,LIU Brooklyn,55
2010,Long Beach St.,69.22
2010,Longwood,66.82
2010,Louisiana Lafayette,80.22
2010,Louisiana Monroe,81.06
2010,Louisiana Tech,71.26
2010,Louisville,54.8
2010,Loyola Chicago,44.86
2010,Loyola Marymount,70.12
2010,Loyola MD,70.02
2010,LSU,41.48
2010,Maine,74.68
2010,Manhattan,59.16
2010,Marist,46.66
2010,Marquette,39.46
2010,Marshall,72.06
2010,Maryland,81.82
2010,Maryland Eastern Shore,35.96
2010,Massachusetts,44.58
2010,McNeese St.,53.6
2010,Memphis,38.72
2010,Mercer,76.36
2010,Miami FL,48.42
2010,Miami OH,44.42
2010,Michigan,73.04
2010,Michigan St.,68.04
2010,Middle Tennessee,41.98
2010,Milwaukee,59.2
2010,Minnesota,86.9
2010,Mississippi,71.82
2010,Mississippi St.,92.4
2010,Mississippi Valley St.,47.64
2010,Missouri,62.7
2010,Missouri St.,55.62
2010,Monmouth,85
2010,Montana,68.76
2010,Montana St.,81.32
2010,Morehead St.,64.74
2010,Morgan St.,44.68
2010,Mount St. Mary's,76.06
2010,Murray St.,71.42
2010,Navy,57.36
2010,Nebraska,39.88
2010,Nevada,65.24
2010,New Hampshire,68.6
2010,New Mexico,53.98
2010,New Mexico St.,94
2010,New Orleans,44.28
2010,Niagara,83.4
2010,Nicholls St.,62.8
2010,NJIT,50.96
2010,Norfolk St.,57.56
2010,North Carolina,32.58
2010,North Carolina A&T,57.68
2010,North Carolina Central,43.16
2010,North Carolina St.,47.6
2010,North Dakota St.,36.12
2010,North Florida,67.52
2010,North Texas,66.6
2010,Northeastern,72.42
2010,Northern Arizona,45.16
2010,Northern Colorado,63.1
2010,Northern Illinois,88.58
2010,Northern Iowa,90.58
2010,Northwestern,61.84
2010,Northwestern St.,60.78
2010,Notre Dame,47.1
2010,Oakland,68.22
2010,Ohio,45.38
2010,Ohio St.,87.92
2010,Oklahoma,44.08
2010,Oklahoma St.,56.74
2010,Old Dominion,89.36
2010,Oral Roberts,41.24
2010,Oregon,84.46
2010,Oregon St.,83.14
2010,Pacific,42.14
2010,Penn,59.14
2010,Penn St.,58.34
2010,Pepperdine,80.16
2010,Pittsburgh,41.22
2010,Portland,93.94
2010,Portland St.,45.76
2010,Prairie View A&M,67.6
2010,Presbyterian,12.58
2010,Princeton,90.02
2010,Providence,35.78
2010,Purdue,81.66
2010,Quinnipiac,66.52
2010,Radford,59.92
2010,Rhode Island,66.86
2010,Rice,60.94
2010,Richmond,85.96
2010,Rider,72.88
2010,Robert Morris,63.82
2010,Rutgers,52.48
2010,Sacramento St.,56.1
2010,Sacred Heart,58.22
2010,Saint Joseph's,63.52
2010,Saint Louis,44.46
2010,Saint Mary's,41.5
2010,Saint Peter's,74.12
2010,Sam Houston St.,68.9
2010,Samford,78.7
2010,San Diego,58.58
2010,San Diego St.,35.7
2010,San Francisco,71.08
2010,San Jose St.,69.66
2010,Santa Clara,47.42
2010,Savannah St.,56.82
2010,Seton Hall,75.62
2010,Siena,80.58
2010,SIU Edwardsville,53.26
2010,SMU,83.02
2010,South Alabama,28.84
2010,South Carolina,78.32
2010,South Carolina St.,39.78
2010,South Dakota St.,94.48
2010,South Florida,63.98
2010,Southeast Missouri St.,42.14
2010,Southeastern Louisiana,62.48
2010,Southern,36.4
2010,Southern Illinois,49.64
2010,Southern Miss,38.24
2010,Southern Utah,30.92
2010,St. Bonaventure,68.72
2010,St. Francis NY,64.96
2010,St. Francis PA,30.04
2010,St. John's,93.44
2010,Stanford,45.08
2010,Stephen F. Austin,32.8
2010,Stetson,51.64
2010,Stony Brook,75.08
2010,Syracuse,44.14
2010,TCU,62.74
2010,Temple,56.3
2010,Tennessee,88.04
2010,Tennessee Martin,53.26
2010,Tennessee St.,38.2
2010,Tennessee Tech,43.48
2010,Texas,71.08
2010,Texas A&M,72.18
2010,Texas A&M Corpus Chris,88.44
2010,Texas Southern,36.62
2010,Texas St.,46.32
2010,Texas Tech,62.76
2010,The Citadel,69.64
2010,Toledo,44.7
2010,Towson,71.94
2010,Troy,54.26
2010,Tulane,73.62
2010,Tulsa,63.22
2010,UAB,26.26
2010,UC Davis,61.54
2010,UC Irvine,64.24
2010,UC Riverside,59.78
2010,UC Santa Barbara,57.04
2010,UCF,50.2
2010,UCLA,43.14
2010,UMBC,34.02
2010,UMKC,57.56
2010,UNC Asheville,71.02
2010,UNC Greensboro,73.38
2010,UNC Wilmington,76.94
2010,UNLV,45.54
2010,USC,39.46
2010,USC Upstate,72.08
2010,UT Arlington,59.58
2010,UT Rio Grande Valley,61.58
2010,Utah,37.44
2010,Utah St.,72.5
2010,Utah Valley,42.82
2010,UTEP,62.16
2010,UTSA,71.44
2010,Valparaiso,48.64
2010,Vanderbilt,91.12
2010,VCU,80.14
2010,Vermont,66.16
2010,Villanova,63.12
2010,Virginia,79.62
2010,Virginia Tech,65.4
2010,VMI,53.56
2010,Wagner,38.68
2010,Wake Forest,62.86
2010,Washington,68.9
2010,Washington St.,46.4
2010,Weber St.,67.98
2010,West Virginia,80.34
2010,Western Carolina,87.66
2010,Western Illinois,56.78
2010,Western Kentucky,67.2
2010,Western Michigan,49.34
2010,Wichita St.,66.36
2010,William & Mary,77
2010,Winston Salem St.,49.98
2010,Winthrop,80.54
2010,Wisconsin,66.7
2010,Wofford,96.18
2010,Wright St.,78.1
2010,Wyoming,40.18
2010,Xavier,45.12
2010,Yale,49.32
2010,Youngstown St.,74.98
2011,Air Force,71.52
2011,Akron,61.3
2011,Alabama,60.38
2011,Alabama A&M,61.5
2011,Alabama St.,65.82
2011,Albany,54.14
2011,Alcorn St.,58.6
2011,American,95.7
2011,Appalachian St.,47.68
2011,Arizona,83.16
2011,Arizona St.,53.48
2011,Arkansas,68.1
2011,Little Rock,64.54
2011,Arkansas Pine Bluff,35.5
2011,Arkansas St.,73.82
2011,Army,31.94
2011,Auburn,37.04
2011,Austin Peay,68.54
2011,Ball St.,71.64
2011,Baylor,55.36
2011,Belmont,86.66
2011,Bethune Cookman,78.66
2011,Binghamton,75.62
2011,Boise St.,62.02
2011,Boston College,76.38
2011,Boston University,42.1
2011,Bowling Green,61.62
2011,Bradley,61.48
2011,Brown,76.26
2011,Bryant,66
2011,Bucknell,89.12
2011,Buffalo,29.24
2011,Butler,63.16
2011,BYU,57.52
2011,Cal Poly,44.86
2011,Cal St. Bakersfield,45.4
2011,Cal St. Fullerton,36.24
2011,Cal St. Northridge,41.78
2011,California,18.9
2011,Campbell,50.72
2011,Canisius,73.04
2011,Centenary,32
2011,Central Arkansas,51.6
2011,Central Connecticut,72.88
2011,Central Michigan,45.22
2011,Charleston Southern,73.8
2011,Charlotte,70.98
2011,Chattanooga,72.04
2011,Chicago St.,70.3
2011,Cincinnati,63.78
2011,Clemson,70.58
2011,Cleveland St.,72.5
2011,Coastal Carolina,51
2011,Colgate,58.02
2011,College of Charleston,65.08
2011,Colorado,74.56
2011,Colorado St.,80.22
2011,Columbia,66.38
2011,Connecticut,43.56
2011,Coppin St.,46.08
2011,Cornell,33.58
2011,Creighton,67.88
2011,Dartmouth,71.24
2011,Davidson,62.96
2011,Dayton,50.22
2011,Delaware,91.44
2011,Delaware St.,56.2
2011,Denver,69.34
2011,DePaul,58.34
2011,Detroit,35.86
2011,Drake,56.56
2011,Drexel,57.4
2011,Duke,57.9
2011,Duquesne,72.3
2011,East Carolina,97.04
2011,East Tennessee St.,83.98
2011,Eastern Illinois,58.78
2011,Eastern Kentucky,57.62
2011,Eastern Michigan,68.4
2011,Eastern Washington,46.42
2011,Elon,59.36
2011,Evansville,81.12
2011,Fairfield,56.18
2011,Fairleigh Dickinson,60.06
2011,FIU,52.66
2011,Florida,79.58
2011,Florida A&M,66.36
2011,Florida Atlantic,86.52
2011,Florida Gulf Coast,67.02
2011,Florida St.,71.66
2011,Fordham,71.64
2011,Fresno St.,39.1
2011,Furman,99.76
2011,Gardner Webb,44.64
2011,George Mason,80.9
2011,George Washington,63
2011,Georgetown,82.08
2011,Georgia,66.24
2011,Georgia Southern,30.34
2011,Georgia St.,31.76
2011,Georgia Tech,49.1
2011,Gonzaga,67.76
2011,Grambling St.,26.24
2011,Green Bay,40.9
2011,Hampton,65.5
2011,Hartford,79.26
2011,Harvard,64.98
2011,Hawaii,18.1
2011,High Point,59.1
2011,Hofstra,35.94
2011,Holy Cross,82.42
2011,Houston,42
2011,Houston Baptist,53.52
2011,Howard,49.76
2011,Idaho,32.52
2011,Idaho St.,23.08
2011,Illinois,85.44
2011,Illinois Chicago,53.92
2011,Illinois St.,43.82
2011,Indiana,88.2
2011,Indiana St.,58.58
2011,Iona,56.22
2011,Iowa,65.6
2011,Iowa St.,30.26
2011,Fort Wayne,62.28
2011,IUPUI,56.02
2011,Jackson St.,81.78
2011,Jacksonville,50.46
2011,Jacksonville St.,62.24
2011,James Madison,61.42
2011,Kansas,54.28
2011,Kansas St.,61.8
2011,Kennesaw St.,64.34
2011,Kent St.,35.32
2011,Kentucky,18.4
2011,La Salle,45.92
2011,Lafayette,71.26
2011,Lamar,66.08
2011,Lehigh,59.1
2011,Liberty,66.04
2011,Lipscomb,94.4
2011,LIU Brooklyn,79.22
2011,Long Beach St.,72.08
2011,Longwood,44.46
2011,Louisiana Lafayette,51.1
2011,Louisiana Monroe,24.86
2011,Louisiana Tech,35.1
2011,Louisville,37.68
2011,Loyola Chicago,85.6
2011,Loyola Marymount,75.06
2011,Loyola MD,72.88
2011,LSU,54.36
2011,Maine,84.68
2011,Manhattan,24.48
2011,Marist,78.08
2011,Marquette,51.26
2011,Marshall,44.4
2011,Maryland,52.18
2011,Maryland Eastern Shore,78.26
2011,Massachusetts,78.6
2011,McNeese St.,83.8
2011,Memphis,31.94
2011,Mercer,46.68
2011,Miami FL,66.18
2011,Miami OH,53.28
2011,Michigan,47.2
2011,Michigan St.,72.28
2011,Middle Tennessee,53.14
2011,Milwaukee,50.56
2011,Minnesota,58.56
2011,Mississippi,50.9
2011,Mississippi St.,51.02
2011,Mississippi Valley St.,61.92
2011,Missouri,56.22
2011,Missouri St.,75.2
2011,Monmouth,51.42
2011,Montana,40.7
2011,Montana St.,44.64
2011,Morehead St.,52.14
2011,Morgan St.,40.32
2011,Mount St. Mary's,52.28
2011,Murray St.,72.9
2011,Navy,65.96
2011,Nebraska,64.9
2011,Nevada,19.66
2011,New Hampshire,69.7
2011,New Mexico,50.72
2011,New Mexico St.,48.98
2011,Niagara,34
2011,Nicholls St.,61.72
2011,NJIT,82.64
2011,Norfolk St.,63
2011,North Carolina,43.38
2011,North Carolina A&T,50.86
2011,North Carolina Central,67.8
2011,North Carolina St.,62.24
2011,North Dakota,66.74
2011,North Dakota St.,50.5
2011,North Florida,67.32
2011,North Texas,68.38
2011,Northeastern,36.66
2011,Northern Arizona,81.86
2011,Northern Colorado,64.78
2011,Northern Illinois,46.9
2011,Northern Iowa,61.56
2011,Northwestern,78.9
2011,Northwestern St.,70.64
2011,Notre Dame,59.2
2011,Oakland,57.74
2011,Ohio,61.48
2011,Ohio St.,65.76
2011,Oklahoma,32.04
2011,Oklahoma St.,67.34
2011,Old Dominion,77.64
2011,Oral Roberts,82.16
2011,Oregon,54.24
2011,Oregon St.,60.06
2011,Pacific,66.36
2011,Penn,78.36
2011,Penn St.,70.64
2011,Pepperdine,99.54
2011,Pittsburgh,84.24
2011,Portland,43.64
2011,Portland St.,54.48
2011,Prairie View A&M,49.08
2011,Presbyterian,58.58
2011,Princeton,63.42
2011,Providence,47.24
2011,Purdue,60.42
2011,Quinnipiac,58.26
2011,Radford,29.24
2011,Rhode Island,60.68
2011,Rice,79.98
2011,Richmond,69.4
2011,Rider,76.08
2011,Robert Morris,49.82
2011,Rutgers,59.04
2011,Sacramento St.,35.68
2011,Sacred Heart,41.2
2011,Saint Joseph's,53.48
2011,Saint Louis,54.18
2011,Saint Mary's,65.08
2011,Saint Peter's,92.84
2011,Sam Houston St.,53.48
2011,Samford,70.54
2011,San Diego,38.9
2011,San Diego St.,82.02
2011,San Francisco,47.48
2011,San Jose St.,40.26
2011,Santa Clara,96.1
2011,Savannah St.,18.86
2011,Seattle,50.42
2011,Seton Hall,71.2
2011,Siena,51.5
2011,SIU Edwardsville,64.1
2011,SMU,54.8
2011,South Alabama,68.94
2011,South Carolina,50.62
2011,South Carolina St.,59.22
2011,South Dakota,55.6
2011,South Dakota St.,49.06
2011,South Florida,42.04
2011,Southeast Missouri St.,43.62
2011,Southeastern Louisiana,70.38
2011,Southern,42.9
2011,Southern Illinois,57.8
2011,Southern Miss,85.64
2011,Southern Utah,62.92
2011,St. Bonaventure,58.12
2011,St. Francis NY,76.5
2011,St. Francis PA,57.14
2011,St. John's,88.06
2011,Stanford,52.14
2011,Stephen F. Austin,58.92
2011,Stetson,51.02
2011,Stony Brook,58.22
2011,Syracuse,53.64
2011,TCU,43.92
2011,Temple,61.14
2011,Tennessee,57.28
2011,Tennessee Martin,42.56
2011,Tennessee St.,47.52
2011,Tennessee Tech,68.64
2011,Texas,49.16
2011,Texas A&M,66.12
2011,Texas A&M Corpus Chris,53.64
2011,Texas Southern,33.44
2011,Texas St.,67.72
2011,Texas Tech,73.22
2011,The Citadel,80.96
2011,Toledo,29.1
2011,Towson,46.72
2011,Troy,20.92
2011,Tulane,64.98
2011,Tulsa,55.28
2011,UAB,48.48
2011,UC Davis,58.52
2011,UC Irvine,68.76
2011,UC Santa Barbara,80.66
2011,UCF,94.6
2011,UCLA,53.38
2011,UMBC,43.04
2011,UMKC,50.46
2011,UNC Asheville,83.3
2011,UNC Greensboro,45.54
2011,UNC Wilmington,46.76
2011,UNLV,72.28
2011,USC,44.14
2011,USC Upstate,47.7
2011,UT Arlington,28.2
2011,UT Rio Grande Valley,42.9
2011,Utah,44.22
2011,Utah St.,73.86
2011,Utah Valley,37.58
2011,UTEP,67.44
2011,UTSA,25.02
2011,Valparaiso,75.12
2011,Vanderbilt,68.34
2011,VCU,69.18
2011,Vermont,43.84
2011,Villanova,66.18
2011,Virginia,57.4
2011,Virginia Tech,86.76
2011,VMI,81.8
2011,Wagner,66.56
2011,Wake Forest,26.54
2011,Washington,70.02
2011,Washington St.,70.8
2011,Weber St.,56.72
2011,West Virginia,55.54
2011,Western Carolina,42.74
2011,Western Illinois,54.78
2011,Western Kentucky,49.06
2011,Western Michigan,52.98
2011,Wichita St.,83.84
2011,William & Mary,49.92
2011,Winthrop,69.74
2011,Wisconsin,65.46
2011,Wofford,75.9
2011,Wright St.,46.66
2011,Wyoming,74.68
2011,Xavier,63.48
2011,Yale,48.76
2011,Youngstown St.,29.72
2012,Air Force,56.2
2012,Akron,57.12
2012,Alabama,58.56
2012,Alabama A&M,52.68
2012,Alabama St.,51.44
2012,Albany,76.82
2012,Alcorn St.,42.92
2012,American,41.84
2012,Appalachian St.,56.18
2012,Arizona,63.06
2012,Arizona St.,52.66
2012,Arkansas,42.16
2012,Little Rock,30.26
2012,Arkansas Pine Bluff,42.16
2012,Arkansas St.,48.6
2012,Army,59.94
2012,Auburn,78.4
2012,Austin Peay,74.64
2012,Ball St.,86.44
2012,Baylor,70.64
2012,Belmont,79.96
2012,Bethune Cookman,56.74
2012,Binghamton,35.2
2012,Boise St.,35.8
2012,Boston College,12.58
2012,Boston University,77.82
2012,Bowling Green,80.1
2012,Bradley,51.04
2012,Brown,45.4
2012,Bryant,65.42
2012,Bucknell,73.22
2012,Buffalo,72.5
2012,Butler,45.6
2012,BYU,44.76
2012,Cal Poly,69
2012,Cal St. Bakersfield,39.8
2012,Cal St. Fullerton,61.5
2012,Cal St. Northridge,52.56
2012,California,80
2012,Campbell,58.86
2012,Canisius,36.76
2012,Central Arkansas,47.96
2012,Central Connecticut,55.42
2012,Central Michigan,51.02
2012,Charleston Southern,51.18
2012,Charlotte,68.56
2012,Chattanooga,68.22
2012,Chicago St.,8.82
2012,Cincinnati,59.08
2012,Clemson,59.1
2012,Cleveland St.,64.82
2012,Coastal Carolina,70.76
2012,Colgate,86.12
2012,College of Charleston,43.08
2012,Colorado,39.56
2012,Colorado St.,58.24
2012,Columbia,60.16
2012,Connecticut,61.86
2012,Coppin St.,71.26
2012,Cornell,60.32
2012,Creighton,60.9
2012,Dartmouth,67.24
2012,Davidson,76.8
2012,Dayton,58.58
2012,Delaware,52.76
2012,Delaware St.,58.1
2012,Denver,79.16
2012,DePaul,60.38
2012,Detroit,90.84
2012,Drake,69.44
2012,Drexel,81.52
2012,Duke,61.26
2012,Duquesne,60.9
2012,East Carolina,53.02
2012,East Tennessee St.,48.68
2012,Eastern Illinois,56
2012,Eastern Kentucky,45.02
2012,Eastern Michigan,60.1
2012,Eastern Washington,80.24
2012,Elon,64.36
2012,Evansville,70.18
2012,Fairfield,69.4
2012,Fairleigh Dickinson,20.48
2012,FIU,46.9
2012,Florida,59.64
2012,Florida A&M,72.28
2012,Florida Atlantic,83.14
2012,Florida Gulf Coast,43.36
2012,Florida St.,71.36
2012,Fordham,74.52
2012,Fresno St.,48.82
2012,Furman,35.16
2012,Gardner Webb,43.98
2012,George Mason,53.68
2012,George Washington,81.96
2012,Georgetown,48.56
2012,Georgia,50.52
2012,Georgia Southern,77.2
2012,Georgia St.,69.84
2012,Georgia Tech,58.7
2012,Gonzaga,60.18
2012,Grambling St.,14.12
2012,Green Bay,50.42
2012,Hampton,54.36
2012,Hartford,29.4
2012,Harvard,99.36
2012,Hawaii,64.16
2012,High Point,62.52
2012,Hofstra,51.06
2012,Holy Cross,66.04
2012,Houston,38.94
2012,Houston Baptist,28.28
2012,Howard,69.24
2012,Idaho,45.9
2012,Idaho St.,44.4
2012,Illinois,33.48
2012,Illinois Chicago,21.8
2012,Illinois St.,51.04
2012,Indiana,80.7
2012,Indiana St.,77.12
2012,Iona,71.24
2012,Iowa,83.82
2012,Iowa St.,41.36
2012,Fort Wayne,51.92
2012,IUPUI,63.56
2012,Jackson St.,24.32
2012,Jacksonville,69.24
2012,Jacksonville St.,29.54
2012,James Madison,60.24
2012,Kansas,32.42
2012,Kansas St.,61.06
2012,Kennesaw St.,59.8
2012,Kent St.,79.18
2012,Kentucky,49.48
2012,La Salle,48.34
2012,Lafayette,66.9
2012,Lamar,71.28
2012,Lehigh,68.4
2012,Liberty,58.96
2012,Lipscomb,36.38
2012,LIU Brooklyn,73.3
2012,Long Beach St.,71.18
2012,Longwood,82.34
2012,Louisiana Lafayette,56.28
2012,Louisiana Monroe,64.86
2012,Louisiana Tech,52.22
2012,Louisville,71.38
2012,Loyola Chicago,36.06
2012,Loyola Marymount,76.46
2012,Loyola MD,74.7
2012,LSU,66.2
2012,Maine,50.82
2012,Manhattan,70.8
2012,Marist,56.68
2012,Marquette,61.98
2012,Marshall,60.84
2012,Maryland,39.52
2012,Maryland Eastern Shore,41.56
2012,Massachusetts,64.64
2012,McNeese St.,31.28
2012,Memphis,86.36
2012,Mercer,53.08
2012,Miami FL,77.06
2012,Miami OH,38.62
2012,Michigan,82.66
2012,Michigan St.,40.2
2012,Middle Tennessee,56.64
2012,Milwaukee,60.06
2012,Minnesota,61.28
2012,Mississippi,55.74
2012,Mississippi St.,44.06
2012,Mississippi Valley St.,56.38
2012,Missouri,74.7
2012,Missouri St.,37.18
2012,Monmouth,54.92
2012,Montana,80.9
2012,Montana St.,37.66
2012,Morehead St.,47.96
2012,Morgan St.,80.8
2012,Mount St. Mary's,66.18
2012,Murray St.,52.5
2012,Navy,56.36
2012,Nebraska,56.58
2012,Nevada,90.24
2012,New Hampshire,55.06
2012,New Mexico,74.16
2012,New Mexico St.,70.84
2012,Niagara,56.18
2012,Nicholls St.,34.64
2012,NJIT,77.24
2012,Norfolk St.,59.58
2012,North Carolina,77.94
2012,North Carolina A&T,77.68
2012,North Carolina Central,66.82
2012,North Carolina St.,69.96
2012,North Dakota,86.68
2012,North Dakota St.,68.44
2012,North Florida,81.64
2012,North Texas,22.24
2012,Northeastern,63.32
2012,Northern Arizona,38.38
2012,Northern Colorado,41.46
2012,Northern Illinois,36.76
2012,Northern Iowa,68.56
2012,Northwestern,73.7
2012,Northwestern St.,60.96
2012,Notre Dame,54.42
2012,Oakland,44.84
2012,Ohio,64.92
2012,Ohio St.,57.98
2012,Oklahoma,78.86
2012,Oklahoma St.,45.48
2012,Old Dominion,43.84
2012,Oral Roberts,71.64
2012,Oregon,51.16
2012,Oregon St.,66.72
2012,Pacific,2.54
2012,Penn,69.52
2012,Penn St.,30.16
2012,Pepperdine,46.46
2012,Pittsburgh,57.68
2012,Portland,51.64
2012,Portland St.,31.9
2012,Prairie View A&M,36.82
2012,Presbyterian,73.26
2012,Princeton,67.84
2012,Providence,64.38
2012,Purdue,62.94
2012,Quinnipiac,46.94
2012,Radford,57.64
2012,Rhode Island,29.48
2012,Rice,63.78
2012,Richmond,40.56
2012,Rider,62.4
2012,Robert Morris,66.26
2012,Rutgers,47.68
2012,Sacramento St.,52.5
2012,Sacred Heart,76.84
2012,Saint Joseph's,66.9
2012,Saint Louis,88.42
2012,Saint Mary's,80.38
2012,Saint Peter's,32.64
2012,Sam Houston St.,19.64
2012,Samford,46.12
2012,San Diego,50.24
2012,San Diego St.,30.56
2012,San Francisco,84.24
2012,San Jose St.,63.92
2012,Santa Clara,49.82
2012,Savannah St.,78.1
2012,Seattle,58.4
2012,Seton Hall,47.66
2012,Siena,35.86
2012,SIU Edwardsville,51.62
2012,SMU,39.52
2012,South Alabama,30.74
2012,South Carolina,67.68
2012,South Carolina St.,55.64
2012,South Dakota,67.64
2012,South Dakota St.,66.22
2012,South Florida,69.34
2012,Southeast Missouri St.,70.16
2012,Southeastern Louisiana,42.4
2012,Southern,48.4
2012,Southern Illinois,45.24
2012,Southern Miss,36.6
2012,Southern Utah,58.66
2012,St. Bonaventure,75.4
2012,St. Francis NY,59.94
2012,St. Francis PA,71.54
2012,St. John's,4.82
2012,Stanford,83.7
2012,Stephen F. Austin,37
2012,Stetson,41.22
2012,Stony Brook,90.24
2012,Syracuse,82.28
2012,TCU,56.82
2012,Temple,71.46
2012,Tennessee,30.6
2012,Tennessee Martin,43.86
2012,Tennessee St.,85.66
2012,Tennessee Tech,82.94
2012,Texas,15.46
2012,Texas A&M,66.24
2012,Texas A&M Corpus Chris,15.1
2012,Texas Southern,45.4
2012,Texas St.,43.44
2012,Texas Tech,23.46
2012,The Citadel,22.42
2012,Toledo,26.18
2012,Towson,6.08
2012,Troy,28.36
2012,Tulane,47.42
2012,Tulsa,67.96
2012,UAB,49.14
2012,UC Davis,55.32
2012,UC Irvine,39.02
2012,UC Riverside,71.42
2012,UC Santa Barbara,53.52
2012,UCF,65.14
2012,UCLA,67.08
2012,UMBC,53.86
2012,UMKC,45.74
2012,UNC Asheville,73.82
2012,UNC Greensboro,87.42
2012,UNC Wilmington,60.92
2012,UNLV,76.06
2012,USC,22.68
2012,USC Upstate,53.04
2012,UT Arlington,78.54
2012,UT Rio Grande Valley,67.04
2012,Utah,33.34
2012,Utah St.,31.06
2012,Utah Valley,67.1
2012,UTEP,22.82
2012,UTSA,66.7
2012,Valparaiso,50.2
2012,Vanderbilt,95.2
2012,VCU,42.02
2012,Vermont,60.6
2012,Villanova,44.26
2012,Virginia,72.62
2012,Virginia Tech,41.64
2012,VMI,81.06
2012,Wagner,81.66
2012,Wake Forest,60.9
2012,Washington,38.46
2012,Washington St.,66.82
2012,Weber St.,68.28
2012,West Virginia,39.12
2012,Western Carolina,67.42
2012,Western Illinois,28.14
2012,Western Kentucky,39.32
2012,Western Michigan,79.94
2012,Wichita St.,56.76
2012,William & Mary,76.32
2012,Winthrop,65.56
2012,Wisconsin,54
2012,Wofford,30.08
2012,Wright St.,40.86
2012,Wyoming,45.32
2012,Xavier,40.2
2012,Yale,81.42
2012,Youngstown St.,63.38
2013,Air Force,83.52
2013,Akron,55.5
2013,Alabama,70.06
2013,Alabama A&M,55.3
2013,Alabama St.,48.9
2013,Albany,62.3
2013,Alcorn St.,32.32
2013,American,49.48
2013,Appalachian St.,44.84
2013,Arizona,47.9
2013,Arizona St.,55.08
2013,Arkansas,60.02
2013,Little Rock,35.4
2013,Arkansas Pine Bluff,48.08
2013,Arkansas St.,69.48
2013,Army,73.1
2013,Auburn,57.26
2013,Austin Peay,38.94
2013,Ball St.,48.44
2013,Baylor,51.42
2013,Belmont,64.2
2013,Bethune Cookman,61.38
2013,Binghamton,46.74
2013,Boise St.,72.94
2013,Boston College,58.3
2013,Boston University,49.28
2013,Bowling Green,59.14
2013,Bradley,75.06
2013,Brown,62.34
2013,Bryant,84.18
2013,Bucknell,84.9
2013,Buffalo,46.82
2013,Butler,71
2013,BYU,63.8
2013,Cal Poly,38.66
2013,Cal St. Bakersfield,69.8
2013,Cal St. Fullerton,31.84
2013,Cal St. Northridge,47.42
2013,California,66.06
2013,Campbell,52.04
2013,Canisius,69.96
2013,Central Arkansas,63.64
2013,Central Connecticut,50.4
2013,Central Michigan,26.84
2013,Charleston Southern,79.02
2013,Charlotte,58.76
2013,Chattanooga,42.42
2013,Chicago St.,35.92
2013,Cincinnati,69.58
2013,Clemson,50.66
2013,Cleveland St.,45.8
2013,Coastal Carolina,40.4
2013,Colgate,57.74
2013,College of Charleston,73.18
2013,Colorado,54.78
2013,Colorado St.,54.2
2013,Columbia,63.96
2013,Connecticut,47.98
2013,Coppin St.,27.5
2013,Cornell,65.4
2013,Creighton,83.54
2013,Dartmouth,60.08
2013,Davidson,94.52
2013,Dayton,37.8
2013,Delaware,74.48
2013,Delaware St.,78.8
2013,Denver,62.42
2013,DePaul,77.14
2013,Detroit,51.26
2013,Drake,39.48
2013,Drexel,84.78
2013,Duke,60.62
2013,Duquesne,45.58
2013,East Carolina,68.3
2013,East Tennessee St.,39.92
2013,Eastern Illinois,24.58
2013,Eastern Kentucky,39.24
2013,Eastern Michigan,58.72
2013,Eastern Washington,45.84
2013,Elon,80.02
2013,Evansville,69.68
2013,Fairfield,54.26
2013,Fairleigh Dickinson,53.32
2013,FIU,20.02
2013,Florida,65.36
2013,Florida A&M,29.44
2013,Florida Atlantic,42.88
2013,Florida Gulf Coast,81.6
2013,Florida St.,38.7
2013,Fordham,67.38
2013,Fresno St.,64.06
2013,Furman,57.04
2013,Gardner Webb,63.38
2013,George Mason,64.26
2013,George Washington,50.76
2013,Georgetown,54.44
2013,Georgia,67.48
2013,Georgia Southern,50.4
2013,Georgia St.,28.4
2013,Georgia Tech,80.86
2013,Gonzaga,75.04
2013,Grambling St.,59.94
2013,Green Bay,65.04
2013,Hampton,34.52
2013,Hartford,60.46
2013,Harvard,37.6
2013,Hawaii,34.86
2013,High Point,48.64
2013,Hofstra,41.28
2013,Holy Cross,62.08
2013,Houston,51.08
2013,Houston Baptist,68.2
2013,Howard,75.54
2013,Idaho,54.4
2013,Idaho St.,47.3
2013,Illinois,72.38
2013,Illinois Chicago,63.62
2013,Illinois St.,83.66
2013,Indiana,77.56
2013,Indiana St.,36.26
2013,Iona,35.48
2013,Iowa,65.58
2013,Iowa St.,52.74
2013,Fort Wayne,34.3
2013,IUPUI,53.8
2013,Jackson St.,87.02
2013,Jacksonville,47.1
2013,Jacksonville St.,77.84
2013,James Madison,76.04
2013,Kansas,56.12
2013,Kansas St.,82.38
2013,Kennesaw St.,62.74
2013,Kent St.,33.92
2013,Kentucky,7.1
2013,La Salle,75.76
2013,Lafayette,42.44
2013,Lamar,24.7
2013,Lehigh,74.78
2013,Liberty,43.46
2013,Lipscomb,33.08
2013,LIU Brooklyn,78.4
2013,Long Beach St.,29.34
2013,Longwood,38.14
2013,Louisiana Lafayette,28.14
2013,Louisiana Monroe,36.34
2013,Louisiana Tech,73.94
2013,Louisville,58.78
2013,Loyola Chicago,55.76
2013,Loyola Marymount,60.08
2013,Loyola MD,72.42
2013,LSU,44.42
2013,Maine,55.76
2013,Manhattan,77.5
2013,Marist,94.48
2013,Marquette,64.14
2013,Marshall,55.42
2013,Maryland,41.5
2013,Maryland Eastern Shore,36.54
2013,Massachusetts,74.82
2013,McNeese St.,61.34
2013,Memphis,70.42
2013,Mercer,83.26
2013,Miami FL,76.02
2013,Miami OH,62.84
2013,Michigan,56.58
2013,Michigan St.,58.4
2013,Middle Tennessee,80.32
2013,Milwaukee,52
2013,Minnesota,84.88
2013,Mississippi,70.7
2013,Mississippi St.,22.9
2013,Mississippi Valley St.,1.72
2013,Missouri,16
2013,Missouri St.,39.82
2013,Monmouth,59.36
2013,Montana,57.98
2013,Montana St.,41.4
2013,Morehead St.,46.26
2013,Morgan St.,47.44
2013,Mount St. Mary's,75.54
2013,Murray St.,48.96
2013,Navy,53.9
2013,Nebraska,26.7
2013,Nebraska Omaha,55
2013,Nevada,67.28
2013,New Hampshire,65.78
2013,New Mexico,66.32
2013,New Mexico St.,50.7
2013,Niagara,90.36
2013,Nicholls St.,63.54
2013,NJIT,40.12
2013,Norfolk St.,41.1
2013,North Carolina,34.98
2013,North Carolina A&T,68.2
2013,North Carolina Central,55.34
2013,North Carolina St.,62.48
2013,North Dakota,84.38
2013,North Dakota St.,75.4
2013,North Florida,73.94
2013,North Texas,79.16
2013,Northeastern,65.72
2013,Northern Arizona,64.2
2013,Northern Colorado,76.12
2013,Northern Illinois,60.86
2013,Northern Iowa,83.88
2013,Northwestern,58.06
2013,Northwestern St.,58.24
2013,Notre Dame,81.76
2013,Oakland,64.66
2013,Ohio,97.02
2013,Ohio St.,63.12
2013,Oklahoma,83.24
2013,Oklahoma St.,68.96
2013,Old Dominion,40.16
2013,Oral Roberts,52.06
2013,Oregon,41.88
2013,Oregon St.,78.12
2013,Pacific,93.86
2013,Penn,42.5
2013,Penn St.,63.22
2013,Pepperdine,39.8
2013,Pittsburgh,57.56
2013,Portland,66.82
2013,Portland St.,56.24
2013,Prairie View A&M,82.24
2013,Presbyterian,44.5
2013,Princeton,63.46
2013,Providence,72.84
2013,Purdue,45.6
2013,Quinnipiac,75.5
2013,Radford,46.22
2013,Rhode Island,38.54
2013,Rice,23.38
2013,Richmond,67.98
2013,Rider,50.8
2013,Robert Morris,77.42
2013,Rutgers,83.42
2013,Sacramento St.,69.62
2013,Sacred Heart,79.14
2013,Saint Joseph's,99.88
2013,Saint Louis,76.02
2013,Saint Mary's,67.66
2013,Saint Peter's,69.9
2013,Sam Houston St.,54.08
2013,Samford,52.84
2013,San Diego,86.08
2013,San Diego St.,76.36
2013,San Francisco,27.7
2013,San Jose St.,45.3
2013,Santa Clara,95.74
2013,Savannah St.,68.08
2013,Seattle,58.64
2013,Seton Hall,65.92
2013,Siena,51.76
2013,SIU Edwardsville,76.22
2013,SMU,44.98
2013,South Alabama,79.24
2013,South Carolina,55.56
2013,South Carolina St.,33.9
2013,South Dakota,40.24
2013,South Dakota St.,82.7
2013,South Florida,52.68
2013,Southeast Missouri St.,69.58
2013,Southeastern Louisiana,57.66
2013,Southern,52.36
2013,Southern Illinois,60.18
2013,Southern Miss,36.88
2013,Southern Utah,55.24
2013,St. Bonaventure,70.78
2013,St. Francis NY,76.64
2013,St. Francis PA,71.74
2013,St. John's,57.7
2013,Stanford,68.24
2013,Stephen F. Austin,63.76
2013,Stetson,85.68
2013,Stony Brook,54.7
2013,Syracuse,47.84
2013,TCU,59.58
2013,Temple,51.34
2013,Tennessee,62.42
2013,Tennessee Martin,55.14
2013,Tennessee St.,73.02
2013,Tennessee Tech,36.04
2013,Texas,58.44
2013,Texas A&M,50.48
2013,Texas A&M Corpus Chris,40.32
2013,Texas Southern,64.1
2013,Texas St.,51.16
2013,Texas Tech,52.76
2013,The Citadel,49.26
2013,Toledo,85.78
2013,Towson,37.28
2013,Troy,45.76
2013,Tulane,84.58
2013,Tulsa,30.04
2013,UAB,61.28
2013,UC Davis,54.84
2013,UC Irvine,91.94
2013,UC Riverside,19.26
2013,UC Santa Barbara,43.42
2013,UCF,48.92
2013,UCLA,59.06
2013,UMBC,77.32
2013,UMKC,65.16
2013,UNC Asheville,29.4
2013,UNC Greensboro,65.78
2013,UNC Wilmington,57.5
2013,UNLV,53.7
2013,USC,52.2
2013,USC Upstate,90.62
2013,UT Arlington,56.32
2013,UT Rio Grande Valley,54.4
2013,Utah,31.02
2013,Utah St.,52.58
2013,Utah Valley,48.92
2013,UTEP,67.96
2013,UTSA,47.42
2013,Valparaiso,74.9
2013,Vanderbilt,23.66
2013,VCU,83.24
2013,Vermont,57.82
2013,Villanova,54.18
2013,Virginia,49.94
2013,Virginia Tech,61.14
2013,VMI,41.14
2013,Wagner,74.34
2013,Wake Forest,47.38
2013,Washington,55.08
2013,Washington St.,46.74
2013,Weber St.,60.64
2013,West Virginia,59.78
2013,Western Carolina,58.98
2013,Western Illinois,59.72
2013,Western Kentucky,56.72
2013,Western Michigan,42.2
2013,Wichita St.,34.62
2013,William & Mary,70.64
2013,Winthrop,39.16
2013,Wisconsin,58.16
2013,Wofford,42.98
2013,Wright St.,44.6
2013,Wyoming,43.06
2013,Xavier,29.92
2013,Yale,62.14
2013,Youngstown St.,64.74
2014,Air Force,29.98
2014,Akron,54.22
2014,Alabama,62.34
2014,Alabama A&M,95
2014,Alabama St.,30.54
2014,Albany,51.14
2014,Alcorn St.,50.04
2014,American,46.32
2014,Appalachian St.,69.84
2014,Arizona,44.26
2014,Arizona St.,52.66
2014,Arkansas,65.2
2014,Little Rock,71.62
2014,Arkansas Pine Bluff,53.9
2014,Arkansas St.,58
2014,Army,60.46
2014,Auburn,29.68
2014,Austin Peay,62.02
2014,Ball St.,51.72
2014,Baylor,60.42
2014,Belmont,44.7
2014,Bethune Cookman,22.3
2014,Binghamton,45.7
2014,Boise St.,91.02
2014,Boston College,95.88
2014,Boston University,94.26
2014,Bowling Green,35.86
2014,Bradley,44.76
2014,Brown,46.96
2014,Bryant,72.64
2014,Bucknell,52.88
2014,Buffalo,69.4
2014,Butler,50
2014,BYU,52.28
2014,Cal Poly,65.22
2014,Cal St. Bakersfield,58.08
2014,Cal St. Fullerton,46.24
2014,Cal St. Northridge,70.84
2014,California,64.76
2014,Campbell,61.32
2014,Canisius,51.5
2014,Central Arkansas,52.28
2014,Central Connecticut,75.74
2014,Central Michigan,66.82
2014,Charleston Southern,71.58
2014,Charlotte,53.18
2014,Chattanooga,67.28
2014,Chicago St.,79.44
2014,Cincinnati,58.46
2014,Clemson,64.46
2014,Cleveland St.,71.6
2014,Coastal Carolina,61.7
2014,Colgate,68.2
2014,College of Charleston,71.82
2014,Colorado,63.96
2014,Colorado St.,25.26
2014,Columbia,61.72
2014,Connecticut,88.14
2014,Coppin St.,74.02
2014,Cornell,29.28
2014,Creighton,81.1
2014,Dartmouth,88.48
2014,Davidson,52.86
2014,Dayton,65.38
2014,Delaware,62.42
2014,Delaware St.,52.16
2014,Denver,62.48
2014,DePaul,58.76
2014,Detroit,30.86
2014,Drake,32.52
2014,Drexel,66.14
2014,Duke,57.74
2014,Duquesne,40.5
2014,East Carolina,31.62
2014,East Tennessee St.,62.88
2014,Eastern Illinois,42.88
2014,Eastern Kentucky,82.16
2014,Eastern Michigan,67.36
2014,Eastern Washington,59.46
2014,Elon,93.72
2014,Evansville,38.1
2014,Fairfield,43.08
2014,Fairleigh Dickinson,40.94
2014,FIU,42.36
2014,Florida,55.56
2014,Florida A&M,84.86
2014,Florida Atlantic,44.92
2014,Florida Gulf Coast,65.86
2014,Florida St.,62.26
2014,Fordham,81.64
2014,Fresno St.,46.24
2014,Furman,54.94
2014,Gardner Webb,61.7
2014,George Mason,89.52
2014,George Washington,72.26
2014,Georgetown,76.02
2014,Georgia,57.56
2014,Georgia Southern,40.78
2014,Georgia St.,81.6
2014,Georgia Tech,72.1
2014,Gonzaga,60.68
2014,Grambling St.,28.72
2014,Green Bay,64
2014,Hampton,77.54
2014,Hartford,87.36
2014,Harvard,83.22
2014,Hawaii,50.38
2014,High Point,77.2
2014,Hofstra,36.88
2014,Holy Cross,59.54
2014,Houston,67.78
2014,Houston Baptist,57.02
2014,Howard,15.8
2014,Idaho,35.56
2014,Idaho St.,54.62
2014,Illinois,38.54
2014,Illinois Chicago,49.2
2014,Illinois St.,14.38
2014,Indiana,32.38
2014,Indiana St.,87.82
2014,Iona,61.62
2014,Iowa,87.4
2014,Iowa St.,33.28
2014,Fort Wayne,71.46
2014,IUPUI,37.16
2014,Jackson St.,18.52
2014,Jacksonville,57.22
2014,Jacksonville St.,44.58
2014,James Madison,43.34
2014,Kansas,24.78
2014,Kansas St.,49.04
2014,Kennesaw St.,62.42
2014,Kent St.,57.44
2014,Kentucky,32.28
2014,La Salle,82.52
2014,Lafayette,71.54
2014,Lamar,52.16
2014,Lehigh,43.8
2014,Liberty,79.98
2014,Lipscomb,63.78
2014,LIU Brooklyn,40.06
2014,Long Beach St.,37.94
2014,Longwood,57.78
2014,Louisiana Lafayette,82.16
2014,Louisiana Monroe,64.76
2014,Louisiana Tech,84.6
2014,Louisville,69.98
2014,Loyola Chicago,60.42
2014,Loyola Marymount,61.14
2014,Loyola MD,47.36
2014,LSU,71
2014,Maine,37.92
2014,Manhattan,79.9
2014,Marist,81.38
2014,Marquette,56.32
2014,Marshall,25.74
2014,Maryland,61.88
2014,Maryland Eastern Shore,53.84
2014,Massachusetts,66.78
2014,McNeese St.,69.88
2014,Memphis,55.14
2014,Mercer,78.86
2014,Miami FL,17.98
2014,Miami OH,60.7
2014,Michigan,62.58
2014,Michigan St.,83.16
2014,Middle Tennessee,44.36
2014,Milwaukee,52.3
2014,Minnesota,49.7
2014,Mississippi,55.04
2014,Mississippi St.,88.4
2014,Mississippi Valley St.,54.28
2014,Missouri,39.62
2014,Missouri St.,74.72
2014,Monmouth,36.32
2014,Montana,60.82
2014,Montana St.,70.64
2014,Morehead St.,41.32
2014,Morgan St.,84.12
2014,Mount St. Mary's,61.1
2014,Murray St.,30.8
2014,Navy,84.72
2014,Nebraska,58.42
2014,Nebraska Omaha,80.2
2014,Nevada,48.08
2014,New Hampshire,48.86
2014,New Mexico,62.98
2014,New Mexico St.,60.98
2014,New Orleans,43.12
2014,Niagara,42.28
2014,Nicholls St.,74.38
2014,NJIT,39.08
2014,Norfolk St.,72.3
2014,North Carolina,59.14
2014,North Carolina A&T,38.68
2014,North Carolina Central,58.9
2014,North Carolina St.,21.74
2014,North Dakota,72.28
2014,North Dakota St.,89.22
2014,North Florida,39.22
2014,North Texas,40.86
2014,Northeastern,68.58
2014,Northern Arizona,31.3
2014,Northern Colorado,73.8
2014,Northern Illinois,64.36
2014,Northern Iowa,52.36
2014,Northern Kentucky,26.44
2014,Northwestern,54.2
2014,Northwestern St.,60.12
2014,Notre Dame,70.12
2014,Oakland,62.02
2014,Ohio,43.36
2014,Ohio St.,73.74
2014,Oklahoma,41.2
2014,Oklahoma St.,86.24
2014,Old Dominion,53.78
2014,Oral Roberts,46.62
2014,Oregon,43.82
2014,Oregon St.,71.04
2014,Pacific,47.94
2014,Penn,99.6
2014,Penn St.,49.38
2014,Pepperdine,48.5
2014,Pittsburgh,50.66
2014,Portland,77.52
2014,Portland St.,45.44
2014,Prairie View A&M,38.18
2014,Presbyterian,36.02
2014,Princeton,66.58
2014,Providence,85.86
2014,Purdue,57.82
2014,Quinnipiac,69.62
2014,Radford,90.88
2014,Rhode Island,50.34
2014,Rice,65
2014,Richmond,71.5
2014,Rider,65.08
2014,Robert Morris,59.56
2014,Rutgers,53.64
2014,Sacramento St.,49
2014,Sacred Heart,60.34
2014,Saint Joseph's,68.46
2014,Saint Louis,67.6
2014,Saint Mary's,60.18
2014,Saint Peter's,38.68
2014,Sam Houston St.,64.72
2014,Samford,77.18
2014,San Diego,52.68
2014,San Diego St.,46.42
2014,San Francisco,83.4
2014,San Jose St.,34.8
2014,Santa Clara,50.64
2014,Savannah St.,37.44
2014,Seattle,53.48
2014,Seton Hall,69.62
2014,Siena,54.64
2014,SIU Edwardsville,53.98
2014,SMU,68.38
2014,South Alabama,54.7
2014,South Carolina,45.52
2014,South Carolina St.,76.76
2014,South Dakota,65.06
2014,South Dakota St.,61.04
2014,South Florida,63.16
2014,Southeast Missouri St.,44.42
2014,Southeastern Louisiana,48.38
2014,Southern,51.84
2014,Southern Illinois,43.22
2014,Southern Miss,52.1
2014,Southern Utah,42.9
2014,St. Bonaventure,51
2014,St. Francis NY,69.56
2014,St. Francis PA,73.92
2014,St. John's,89.52
2014,Stanford,80.5
2014,Stephen F. Austin,46.16
2014,Stetson,41.04
2014,Stony Brook,66.28
2014,Syracuse,52.68
2014,TCU,34.56
2014,Temple,31.38
2014,Tennessee,61.28
2014,Tennessee Martin,82.6
2014,Tennessee St.,42.52
2014,Tennessee Tech,60.96
2014,Texas,52.68
2014,Texas A&M,57.42
2014,Texas A&M Corpus Chris,77.1
2014,Texas Southern,53.2
2014,Texas St.,63
2014,Texas Tech,67.7
2014,The Citadel,68.54
2014,Toledo,58.34
2014,Towson,79.62
2014,Troy,57.42
2014,Tulane,20.76
2014,Tulsa,67.7
2014,UAB,69.26
2014,UC Davis,48.18
2014,UC Irvine,49
2014,UC Riverside,61.56
2014,UC Santa Barbara,71.52
2014,UCF,79.06
2014,UCLA,67.14
2014,UMBC,56.66
2014,UMKC,46.18
2014,UNC Asheville,35.5
2014,UNC Greensboro,39.5
2014,UNC Wilmington,77.7
2014,UNLV,25.88
2014,USC,43
2014,USC Upstate,83.5
2014,UT Arlington,32.9
2014,UT Rio Grande Valley,42.4
2014,Utah,39.86
2014,Utah St.,78.4
2014,Utah Valley,46.06
2014,UTEP,61.84
2014,UTSA,38.52
2014,Valparaiso,23.54
2014,Vanderbilt,60.3
2014,VCU,62.98
2014,Vermont,81.78
2014,Villanova,76.22
2014,Virginia,71.28
2014,Virginia Tech,59.42
2014,VMI,58.94
2014,Wagner,69.9
2014,Wake Forest,76.38
2014,Washington,55.4
2014,Washington St.,67.72
2014,Weber St.,61.28
2014,West Virginia,52.1
2014,Western Carolina,91.42
2014,Western Illinois,39.9
2014,Western Kentucky,73.38
2014,Western Michigan,55.36
2014,Wichita St.,49.38
2014,William & Mary,84.56
2014,Winthrop,58.22
2014,Wisconsin,55.66
2014,Wofford,89.1
2014,Wright St.,91.6
2014,Wyoming,62.18
2014,Xavier,61.1
2014,Yale,62.98
2014,Youngstown St.,68.48
2015,Abilene Christian,69.2
2015,Air Force,71.62
2015,Akron,50.48
2015,Alabama,62.32
2015,Alabama A&M,21.22
2015,Alabama St.,98.72
2015,Albany,40.52
2015,Alcorn St.,45.62
2015,American,79.28
2015,Appalachian St.,66.6
2015,Arizona,64.86
2015,Arizona St.,41.46
2015,Arkansas,63.92
2015,Little Rock,66.62
2015,Arkansas Pine Bluff,63.66
2015,Arkansas St.,18.06
2015,Army,83.92
2015,Auburn,43.68
2015,Austin Peay,56
2015,Ball St.,32.82
2015,Baylor,46.88
2015,Belmont,58.3
2015,Bethune Cookman,73.72
2015,Binghamton,74.5
2015,Boise St.,61.18
2015,Boston College,67.08
2015,Boston University,36.86
2015,Bowling Green,81.22
2015,Bradley,49.1
2015,Brown,76.1
2015,Bryant,59.84
2015,Bucknell,55.02
2015,Buffalo,48.74
2015,Butler,62.3
2015,BYU,74.42
2015,Cal Poly,54.62
2015,Cal St. Bakersfield,37.96
2015,Cal St. Fullerton,53.64
2015,Cal St. Northridge,67.66
2015,California,57.34
2015,Campbell,63.98
2015,Canisius,31.9
2015,Central Arkansas,7.78
2015,Central Connecticut,63.6
2015,Central Michigan,92.32
2015,Charleston Southern,53.32
2015,Charlotte,58.88
2015,Chattanooga,67.56
2015,Chicago St.,32.5
2015,Cincinnati,46.36
2015,Clemson,70.76
2015,Cleveland St.,52.72
2015,Coastal Carolina,83.52
2015,Colgate,71.92
2015,College of Charleston,55.58
2015,Colorado,88.56
2015,Colorado St.,60.22
2015,Columbia,61.36
2015,Connecticut,41.32
2015,Coppin St.,69.02
2015,Cornell,56.8
2015,Creighton,43.96
2015,Dartmouth,79.96
2015,Davidson,58.96
2015,Dayton,54.4
2015,Delaware,39.28
2015,Delaware St.,63.66
2015,Denver,76.18
2015,DePaul,50.3
2015,Detroit,61.46
2015,Drake,55.98
2015,Drexel,33.34
2015,Duke,46.76
2015,Duquesne,66.52
2015,East Carolina,70.94
2015,East Tennessee St.,66.2
2015,Eastern Illinois,62.8
2015,Eastern Kentucky,39.62
2015,Eastern Michigan,43.7
2015,Eastern Washington,84.24
2015,Elon,40.48
2015,Evansville,96.6
2015,Fairfield,70.32
2015,Fairleigh Dickinson,48.02
2015,FIU,37.94
2015,Florida,41.36
2015,Florida Atlantic,71.32
2015,Florida Gulf Coast,55.8
2015,Florida St.,65.08
2015,Fordham,56.32
2015,Fresno St.,68.7
2015,Furman,70.5
2015,Gardner Webb,48.3
2015,George Mason,56.64
2015,George Washington,56.7
2015,Georgetown,60.46
2015,Georgia,72.66
2015,Georgia Southern,49.66
2015,Georgia St.,57.4
2015,Georgia Tech,42.12
2015,Gonzaga,56.96
2015,Grambling St.,42.16
2015,Grand Canyon,40.12
2015,Green Bay,75.34
2015,Hampton,74.08
2015,Hartford,80.28
2015,Harvard,62
2015,Hawaii,33.26
2015,High Point,79.88
2015,Hofstra,43.02
2015,Holy Cross,84.56
2015,Houston,43.46
2015,Houston Baptist,59.66
2015,Howard,83.42
2015,Idaho,62.14
2015,Idaho St.,44.06
2015,Illinois,59.48
2015,Illinois Chicago,48.8
2015,Illinois St.,65.02
2015,Incarnate Word,54.9
2015,Indiana,40.58
2015,Indiana St.,42.06
2015,Iona,48.38
2015,Iowa,67.44
2015,Iowa St.,66.36
2015,Fort Wayne,55.56
2015,IUPUI,46.9
2015,Jackson St.,59.66
2015,Jacksonville,20
2015,Jacksonville St.,54.16
2015,James Madison,57.2
2015,Kansas,48.56
2015,Kansas St.,58.56
2015,Kennesaw St.,79.52
2015,Kent St.,68.52
2015,Kentucky,64.62
2015,La Salle,49.78
2015,Lafayette,99.4
2015,Lamar,40.92
2015,Lehigh,75.34
2015,Liberty,37.94
2015,Lipscomb,74.42
2015,LIU Brooklyn,44.58
2015,Long Beach St.,58.88
2015,Longwood,36.06
2015,Louisiana Lafayette,50.46
2015,Louisiana Monroe,57.4
2015,Louisiana Tech,47.04
2015,Louisville,56.18
2015,Loyola Chicago,74.92
2015,Loyola Marymount,31.98
2015,Loyola MD,59.68
2015,LSU,37.98
2015,Maine,69.82
2015,Manhattan,61.32
2015,Marist,63.68
2015,Marquette,38.98
2015,Marshall,51.3
2015,Maryland,53.28
2015,Maryland Eastern Shore,37.44
2015,Massachusetts,55.88
2015,McNeese St.,54.44
2015,Memphis,33.54
2015,Mercer,27.12
2015,Miami FL,34.44
2015,Miami OH,59.9
2015,Michigan,46.94
2015,Michigan St.,49.28
2015,Middle Tennessee,36.36
2015,Milwaukee,42.26
2015,Minnesota,63.54
2015,Mississippi,68.78
2015,Mississippi St.,73.8
2015,Mississippi Valley St.,35.42
2015,Missouri,36.98
2015,Missouri St.,62.82
2015,Monmouth,78.3
2015,Montana,54.44
2015,Montana St.,52.68
2015,Morehead St.,52.38
2015,Morgan St.,45.2
2015,Mount St. Mary's,51.48
2015,Murray St.,80.22
2015,Navy,87.36
2015,Nebraska,79.1
2015,Nebraska Omaha,48.22
2015,Nevada,44.84
2015,New Hampshire,59.16
2015,New Mexico,38.38
2015,New Mexico St.,54.04
2015,New Orleans,42.24
2015,Niagara,40.02
2015,Nicholls St.,57.2
2015,NJIT,73.28
2015,Norfolk St.,26.94
2015,North Carolina,74.38
2015,North Carolina A&T,39.44
2015,North Carolina Central,26.52
2015,North Carolina St.,63.42
2015,North Dakota,35.76
2015,North Dakota St.,41.86
2015,North Florida,72.46
2015,North Texas,47.66
2015,Northeastern,71.42
2015,Northern Arizona,84.54
2015,Northern Colorado,60.14
2015,Northern Illinois,71.26
2015,Northern Iowa,86.58
2015,Northern Kentucky,94.12
2015,Northwestern,69.28
2015,Northwestern St.,54.52
2015,Notre Dame,61.88
2015,Oakland,55.1
2015,Ohio,46.08
2015,Ohio St.,48.52
2015,Oklahoma,70.94
2015,Oklahoma St.,39.52
2015,Old Dominion,84.66
2015,Oral Roberts,63.06
2015,Oregon,25.36
2015,Oregon St.,31.34
2015,Pacific,16.64
2015,Penn,29.56
2015,Penn St.,72.06
2015,Pepperdine,54.66
2015,Pittsburgh,65.2
2015,Portland,73.6
2015,Portland St.,50.32
2015,Prairie View A&M,46.58
2015,Presbyterian,73.16
2015,Princeton,53.46
2015,Providence,46.56
2015,Purdue,48.54
2015,Quinnipiac,52.88
2015,Radford,94.34
2015,Rhode Island,79.44
2015,Rice,47.8
2015,Richmond,73.1
2015,Rider,59.54
2015,Robert Morris,57.38
2015,Rutgers,52.96
2015,Sacramento St.,87.76
2015,Sacred Heart,66.32
2015,Saint Joseph's,40.2
2015,Saint Louis,22.5
2015,Saint Mary's,35.28
2015,Saint Peter's,82.02
2015,Sam Houston St.,65.6
2015,Samford,24.56
2015,San Diego,86.38
2015,San Diego St.,67.52
2015,San Francisco,66.54
2015,San Jose St.,61.5
2015,Santa Clara,61.02
2015,Savannah St.,44.68
2015,Seattle,73.72
2015,Seton Hall,47.22
2015,Siena,88.46
2015,SIU Edwardsville,68.12
2015,SMU,72.36
2015,South Alabama,38.5
2015,South Carolina,75.86
2015,South Carolina St.,47.22
2015,South Dakota,62.2
2015,South Dakota St.,40.88
2015,South Florida,29.24
2015,Southeast Missouri St.,62.34
2015,Southeastern Louisiana,36.28
2015,Southern,39.32
2015,Southern Illinois,60.04
2015,Southern Miss,25.12
2015,Southern Utah,74.78
2015,St. Bonaventure,42.62
2015,St. Francis NY,51.66
2015,St. Francis PA,97.16
2015,St. John's,66.68
2015,Stanford,51.72
2015,Stephen F. Austin,60.16
2015,Stetson,39.1
2015,Stony Brook,40.44
2015,Syracuse,38.88
2015,TCU,82.5
2015,Temple,67.7
2015,Tennessee,27.46
2015,Tennessee Martin,48.2
2015,Tennessee St.,11.56
2015,Tennessee Tech,51.94
2015,Texas,94.04
2015,Texas A&M,64.14
2015,Texas A&M Corpus Chris,55.66
2015,Texas Southern,18.46
2015,Texas St.,40.38
2015,Texas Tech,42.04
2015,The Citadel,76.72
2015,Toledo,79.14
2015,Towson,34.86
2015,Troy,20.08
2015,Tulane,85.64
2015,Tulsa,71.88
2015,UAB,27.94
2015,UC Davis,68.28
2015,UC Irvine,85.2
2015,UC Riverside,62.52
2015,UC Santa Barbara,67.94
2015,UCF,49.04
2015,UCLA,34.8
2015,UMass Lowell,66.34
2015,UMBC,57.34
2015,UMKC,36.1
2015,UNC Asheville,71.22
2015,UNC Greensboro,59.66
2015,UNC Wilmington,52.92
2015,UNLV,22.8
2015,USC,35.18
2015,USC Upstate,53.68
2015,UT Arlington,44.84
2015,UT Rio Grande Valley,32.1
2015,Utah,80.46
2015,Utah St.,13.3
2015,Utah Valley,40.58
2015,UTEP,68.1
2015,UTSA,35.84
2015,Valparaiso,41.26
2015,Vanderbilt,43.32
2015,VCU,69.28
2015,Vermont,24.86
2015,Villanova,78.12
2015,Virginia,70.68
2015,Virginia Tech,47.64
2015,VMI,63.74
2015,Wagner,28.46
2015,Wake Forest,52.54
2015,Washington,61.68
2015,Washington St.,66.06
2015,Weber St.,50.12
2015,West Virginia,56.04
2015,Western Carolina,44.38
2015,Western Illinois,62.52
2015,Western Kentucky,60.22
2015,Western Michigan,84.6
2015,Wichita St.,62.2
2015,William & Mary,55.3
2015,Winthrop,55.68
2015,Wisconsin,81.26
2015,Wofford,91.28
2015,Wright St.,40.6
2015,Wyoming,67.28
2015,Xavier,54.06
2015,Yale,77.8
2015,Youngstown St.,45.68
2016,Abilene Christian,56.56
2016,Air Force,47.62
2016,Akron,75.82
2016,Alabama,57.28
2016,Alabama A&M,61.08
2016,Alabama St.,31.86
2016,Albany,63.88
2016,Alcorn St.,57.08
2016,American,49.7
2016,Appalachian St.,80.52
2016,Arizona,40.28
2016,Arizona St.,57.04
2016,Arkansas,36.64
2016,Little Rock,39.64
2016,Arkansas Pine Bluff,45.26
2016,Arkansas St.,71.98
2016,Army,83.7
2016,Auburn,42.16
2016,Austin Peay,52.6
2016,Ball St.,79
2016,Baylor,66.7
2016,Belmont,72.84
2016,Bethune Cookman,14.44
2016,Binghamton,76.4
2016,Boise St.,56.16
2016,Boston College,20.64
2016,Boston University,97.92
2016,Bowling Green,44.96
2016,Bradley,17.54
2016,Brown,73.88
2016,Bryant,64.14
2016,Bucknell,71.78
2016,Buffalo,45.2
2016,Butler,66.42
2016,BYU,40.96
2016,Cal Poly,66.3
2016,Cal St. Bakersfield,51.4
2016,Cal St. Fullerton,33.36
2016,Cal St. Northridge,42.72
2016,California,68.26
2016,Campbell,62.24
2016,Canisius,52.9
2016,Central Arkansas,77.4
2016,Central Connecticut,51.98
2016,Central Michigan,88.74
2016,Charleston Southern,29.68
2016,Charlotte,18.82
2016,Chattanooga,75.82
2016,Chicago St.,34.06
2016,Cincinnati,85.5
2016,Clemson,64.34
2016,Cleveland St.,30.66
2016,Coastal Carolina,71.76
2016,Colgate,28.28
2016,College of Charleston,51.92
2016,Colorado,58.72
2016,Colorado St.,40.3
2016,Columbia,74.82
2016,Connecticut,69.8
2016,Coppin St.,25.68
2016,Cornell,43.56
2016,Creighton,41.76
2016,Dartmouth,59.5
2016,Davidson,81.4
2016,Dayton,76.68
2016,Delaware,83.28
2016,Delaware St.,29.9
2016,Denver,50.02
2016,DePaul,62.44
2016,Detroit,64.42
2016,Drake,38.54
2016,Drexel,71.98
2016,Duke,30.46
2016,Duquesne,79.58
2016,East Carolina,57.82
2016,East Tennessee St.,52.94
2016,Eastern Illinois,40.18
2016,Eastern Kentucky,36.76
2016,Eastern Michigan,44.66
2016,Eastern Washington,35.74
2016,Elon,56.06
2016,Evansville,92.56
2016,Fairfield,54.66
2016,Fairleigh Dickinson,41.08
2016,FIU,43.6
2016,Florida,52.92
2016,Florida A&M,38.08
2016,Florida Atlantic,58.82
2016,Florida Gulf Coast,43.38
2016,Florida St.,76.74
2016,Fordham,53.38
2016,Fresno St.,70.18
2016,Furman,95.36
2016,Gardner Webb,52.52
2016,George Mason,60.84
2016,George Washington,65.28
2016,Georgetown,57.46
2016,Georgia,58.16
2016,Georgia Southern,28.5
2016,Georgia St.,49.74
2016,Georgia Tech,67.02
2016,Gonzaga,53.12
2016,Grambling St.,42.12
2016,Grand Canyon,50.14
2016,Green Bay,50.02
2016,Hampton,52.84
2016,Hartford,33.94
2016,Harvard,37.56
2016,Hawaii,73.64
2016,High Point,74.28
2016,Hofstra,68.5
2016,Holy Cross,51.7
2016,Houston,66.04
2016,Houston Baptist,70.34
2016,Howard,71.6
2016,Idaho,44.88
2016,Idaho St.,33.92
2016,Illinois,51.66
2016,Illinois Chicago,45.8
2016,Illinois St.,56.4
2016,Incarnate Word,64.06
2016,Indiana,78.26
2016,Indiana St.,51.54
2016,Iona,75.38
2016,Iowa,63.28
2016,Iowa St.,70.92
2016,Fort Wayne,53.14
2016,IUPUI,43.5
2016,Jackson St.,74.98
2016,Jacksonville,73.16
2016,Jacksonville St.,32.36
2016,James Madison,77.32
2016,Kansas,82.34
2016,Kansas St.,29.84
2016,Kennesaw St.,49.96
2016,Kent St.,37.86
2016,Kentucky,21.94
2016,La Salle,46.76
2016,Lafayette,50.58
2016,Lamar,54.1
2016,Lehigh,67.7
2016,Liberty,18.9
2016,Lipscomb,62.5
2016,LIU Brooklyn,60.34
2016,Long Beach St.,28.84
2016,Longwood,53.96
2016,Louisiana Lafayette,82.46
2016,Louisiana Monroe,74.56
2016,Louisiana Tech,43.88
2016,Louisville,32.3
2016,Loyola Chicago,74.02
2016,Loyola Marymount,39.14
2016,Loyola MD,71.76
2016,LSU,64.98
2016,Maine,77.94
2016,Manhattan,55.54
2016,Marist,56.2
2016,Marquette,42.6
2016,Marshall,59
2016,Maryland,55.3
2016,Maryland Eastern Shore,41.8
2016,Massachusetts,53.3
2016,McNeese St.,44.9
2016,Memphis,58.22
2016,Mercer,52.54
2016,Miami FL,70.62
2016,Miami OH,70.76
2016,Michigan,92.24
2016,Michigan St.,69.88
2016,Middle Tennessee,59.08
2016,Milwaukee,67.44
2016,Minnesota,51.32
2016,Mississippi,40.98
2016,Mississippi St.,68.68
2016,Mississippi Valley St.,36.62
2016,Missouri,47.62
2016,Missouri St.,77.54
2016,Monmouth,63.76
2016,Montana,65.64
2016,Montana St.,49.76
2016,Morehead St.,42
2016,Morgan St.,50.64
2016,Mount St. Mary's,49.34
2016,Murray St.,33.2
2016,Navy,68.06
2016,Nebraska,42.62
2016,Nebraska Omaha,55.6
2016,Nevada,76.94
2016,New Hampshire,75.74
2016,New Mexico,54.98
2016,New Mexico St.,47.78
2016,New Orleans,68.14
2016,Niagara,42.86
2016,Nicholls St.,56.74
2016,NJIT,81.5
2016,Norfolk St.,47.98
2016,North Carolina,83.04
2016,North Carolina A&T,87.58
2016,North Carolina Central,30.38
2016,North Carolina St.,55.38
2016,North Dakota,36.82
2016,North Dakota St.,79.24
2016,North Florida,71.86
2016,North Texas,29.66
2016,Northeastern,76.46
2016,Northern Arizona,43.12
2016,Northern Colorado,40.06
2016,Northern Illinois,50.2
2016,Northern Iowa,53.42
2016,Northern Kentucky,55.28
2016,Northwestern,72.2
2016,Northwestern St.,80.08
2016,Notre Dame,63.88
2016,Oakland,49.96
2016,Ohio,39.26
2016,Ohio St.,33.44
2016,Oklahoma,75.14
2016,Oklahoma St.,52.5
2016,Old Dominion,66.56
2016,Oral Roberts,49.1
2016,Oregon,61.1
2016,Oregon St.,92.02
2016,Pacific,76.82
2016,Penn,71.06
2016,Penn St.,52.36
2016,Pepperdine,92.62
2016,Pittsburgh,73.16
2016,Portland,50.98
2016,Portland St.,23.7
2016,Prairie View A&M,32.66
2016,Presbyterian,55.22
2016,Princeton,65.78
2016,Providence,50.46
2016,Purdue,75.22
2016,Quinnipiac,28.98
2016,Radford,50.62
2016,Rhode Island,61.7
2016,Rice,43.7
2016,Richmond,67.74
2016,Rider,72.94
2016,Robert Morris,51.98
2016,Rutgers,42.04
2016,Sacramento St.,47.14
2016,Sacred Heart,44.38
2016,Saint Joseph's,81.3
2016,Saint Louis,80.32
2016,Saint Mary's,25.68
2016,Saint Peter's,43.56
2016,Sam Houston St.,24.42
2016,Samford,48.84
2016,San Diego,47.1
2016,San Diego St.,63.24
2016,San Francisco,29.14
2016,San Jose St.,36.74
2016,Santa Clara,60.3
2016,Savannah St.,30.74
2016,Seattle,42.76
2016,Seton Hall,50.18
2016,Siena,62.96
2016,SIU Edwardsville,24.6
2016,SMU,54.02
2016,South Alabama,68.12
2016,South Carolina,75.12
2016,South Carolina St.,49.26
2016,South Dakota,50.68
2016,South Dakota St.,72.88
2016,South Florida,49.06
2016,Southeast Missouri St.,44.86
2016,Southeastern Louisiana,39.16
2016,Southern,57.7
2016,Southern Illinois,53.62
2016,Southern Miss,11.12
2016,Southern Utah,77.86
2016,St. Bonaventure,57.2
2016,St. Francis NY,53.24
2016,St. Francis PA,56.68
2016,St. John's,8
2016,Stanford,43.94
2016,Stephen F. Austin,68.98
2016,Stetson,59.54
2016,Stony Brook,92.48
2016,Syracuse,63.2
2016,TCU,41.6
2016,Temple,71.84
2016,Tennessee,70.2
2016,Tennessee Martin,55.16
2016,Tennessee St.,48.62
2016,Tennessee Tech,50.94
2016,Texas,75.92
2016,Texas A&M,50.7
2016,Texas A&M Corpus Chris,81.98
2016,Texas Southern,43.08
2016,Texas St.,59.3
2016,Texas Tech,71.86
2016,The Citadel,36.26
2016,Toledo,49.32
2016,Towson,69.36
2016,Troy,48.96
2016,Tulane,40.4
2016,Tulsa,93.3
2016,UAB,90.98
2016,UC Davis,39.04
2016,UC Irvine,65.14
2016,UC Riverside,58.4
2016,UC Santa Barbara,71.82
2016,UCF,52.58
2016,UCLA,65.18
2016,UMass Lowell,37.02
2016,UMBC,66.46
2016,UMKC,46.88
2016,UNC Asheville,54.06
2016,UNC Greensboro,65.04
2016,UNC Wilmington,49.7
2016,UNLV,42.66
2016,USC,95.92
2016,USC Upstate,40.04
2016,UT Arlington,46.8
2016,UT Rio Grande Valley,38.94
2016,Utah,75.06
2016,Utah St.,64.66
2016,Utah Valley,35.98
2016,UTEP,37.98
2016,UTSA,45.84
2016,Valparaiso,99.14
2016,Vanderbilt,79.08
2016,VCU,67.26
2016,Vermont,67.76
2016,Villanova,59.28
2016,Virginia,76.44
2016,Virginia Tech,47.12
2016,VMI,69.9
2016,Wagner,63.86
2016,Wake Forest,72.32
2016,Washington,24.82
2016,Washington St.,61.68
2016,Weber St.,66.68
2016,West Virginia,73.48
2016,Western Carolina,67.92
2016,Western Illinois,82.9
2016,Western Kentucky,41.98
2016,Western Michigan,45.46
2016,Wichita St.,57.28
2016,William & Mary,76.46
2016,Winthrop,46.16
2016,Wisconsin,37.92
2016,Wofford,64.2
2016,Wright St.,59.16
2016,Wyoming,36.56
2016,Xavier,65.88
2016,Yale,51.56
2016,Youngstown St.,23.18
2017,Abilene Christian,53.72
2017,Air Force,79.18
2017,Akron,68.5
2017,Alabama,48.32
2017,Alabama A&M,37.18
2017,Alabama St.,63.2
2017,Albany,47.68
2017,Alcorn St.,37.38
2017,American,61
2017,Appalachian St.,55.54
2017,Arizona,43.78
2017,Arizona St.,42.9
2017,Arkansas,52.48
2017,Arkansas Pine Bluff,58.14
2017,Arkansas St.,35.64
2017,Army,31.64
2017,Auburn,46.24
2017,Austin Peay,59.94
2017,Ball St.,69.1
2017,Baylor,56.04
2017,Belmont,78.28
2017,Bethune Cookman,27.4
2017,Binghamton,97.88
2017,Boise St.,37.66
2017,Boston College,45.14
2017,Boston University,70.1
2017,Bowling Green,67.94
2017,Bradley,81.9
2017,Brown,70.54
2017,Bryant,71.06
2017,Bucknell,61.24
2017,Buffalo,64.8
2017,Butler,52.92
2017,BYU,40.1
2017,Cal Poly,54.02
2017,Cal St. Bakersfield,67.16
2017,Cal St. Fullerton,49.14
2017,Cal St. Northridge,62
2017,California,58.12
2017,Campbell,59.3
2017,Canisius,55.04
2017,Central Arkansas,64.98
2017,Central Connecticut,58.12
2017,Central Michigan,43.28
2017,Charleston Southern,55.64
2017,Charlotte,62.72
2017,Chattanooga,54.44
2017,Chicago St.,57.9
2017,Cincinnati,59.8
2017,Clemson,69.44
2017,Cleveland St.,67.98
2017,Coastal Carolina,62.14
2017,Colgate,71.46
2017,College of Charleston,85.54
2017,Colorado,64.56
2017,Colorado St.,34.46
2017,Columbia,40.26
2017,Connecticut,42
2017,Coppin St.,57.1
2017,Cornell,87.62
2017,Creighton,72.52
2017,Dartmouth,58.68
2017,Davidson,75.06
2017,Dayton,78.42
2017,Delaware,55.02
2017,Delaware St.,74.46
2017,Denver,63.84
2017,DePaul,48.64
2017,Detroit,61.04
2017,Drake,72.02
2017,Drexel,37.72
2017,Duke,54.38
2017,Duquesne,34.74
2017,East Carolina,59.36
2017,East Tennessee St.,48.2
2017,Eastern Illinois,69.3
2017,Eastern Kentucky,35.54
2017,Eastern Michigan,75.64
2017,Eastern Washington,57.84
2017,Elon,85.54
2017,Evansville,22.68
2017,Fairfield,69.58
2017,Fairleigh Dickinson,84.76
2017,FIU,64.12
2017,Florida,75.46
2017,Florida A&M,51.18
2017,Florida Atlantic,58.64
2017,Florida Gulf Coast,79.12
2017,Florida St.,48.48
2017,Fordham,59.62
2017,Fort Wayne,53.2
2017,Fresno St.,44.1
2017,Furman,72.68
2017,Gardner Webb,46.14
2017,George Mason,76.3
2017,George Washington,35.9
2017,Georgetown,80.82
2017,Georgia,70.6
2017,Georgia Southern,88.3
2017,Georgia St.,54.6
2017,Georgia Tech,33.08
2017,Gonzaga,37.7
2017,Grambling St.,54.8
2017,Grand Canyon,51.32
2017,Green Bay,62.44
2017,Hampton,33.8
2017,Hartford,54.92
2017,Harvard,62.14
2017,Hawaii,7.5
2017,High Point,40.74
2017,Hofstra,41.82
2017,Holy Cross,80.64
2017,Houston,61.46
2017,Houston Baptist,51.8
2017,Howard,91.1
2017,Idaho,79.36
2017,Idaho St.,59.94
2017,Illinois,75.18
2017,Illinois Chicago,61.7
2017,Illinois St.,54.54
2017,Incarnate Word,41.34
2017,Indiana,37.32
2017,Indiana St.,62.92
2017,Iona,32.32
2017,Iowa,40.36
2017,Iowa St.,46.6
2017,IUPUI,51.56
2017,Jackson St.,64.72
2017,Jacksonville,67.42
2017,Jacksonville St.,47.82
2017,James Madison,72.5
2017,Kansas,53.04
2017,Kansas St.,74.02
2017,Kennesaw St.,57.16
2017,Kent St.,33.56
2017,Kentucky,30.94
2017,La Salle,87.56
2017,Lafayette,59.9
2017,Lamar,55.62
2017,Lehigh,69.34
2017,Liberty,74.8
2017,Lipscomb,73.3
2017,Little Rock,53
2017,LIU Brooklyn,42.06
2017,Long Beach St.,53.58
2017,Longwood,41.66
2017,Louisiana Lafayette,38.82
2017,Louisiana Monroe,36.46
2017,Louisiana Tech,49
2017,Louisville,57.3
2017,Loyola Chicago,47.96
2017,Loyola Marymount,62.8
2017,Loyola MD,59.52
2017,LSU,49.58
2017,Maine,41.42
2017,Manhattan,48.24
2017,Marist,81.88
2017,Marquette,78.32
2017,Marshall,76.98
2017,Maryland,41.38
2017,Maryland Eastern Shore,52.02
2017,Massachusetts,52.12
2017,McNeese St.,64.16
2017,Memphis,38.48
2017,Mercer,56.02
2017,Miami FL,42.84
2017,Miami OH,36.64
2017,Michigan,75.16
2017,Michigan St.,34.94
2017,Middle Tennessee,54.7
2017,Milwaukee,14.18
2017,Minnesota,57.74
2017,Mississippi,39.88
2017,Mississippi St.,30.78
2017,Mississippi Valley St.,75.38
2017,Missouri,47.66
2017,Missouri St.,74.2
2017,Monmouth,85.4
2017,Montana,81.2
2017,Montana St.,53.62
2017,Morehead St.,54
2017,Morgan St.,46.5
2017,Mount St. Mary's,59.38
2017,Murray St.,47.8
2017,Navy,53.5
2017,Nebraska,52.76
2017,Nebraska Omaha,53.74
2017,Nevada,53.24
2017,New Hampshire,59.68
2017,New Mexico,79.72
2017,New Mexico St.,74.6
2017,New Orleans,87.98
2017,Niagara,54.08
2017,Nicholls St.,60.94
2017,NJIT,60.58
2017,Norfolk St.,42.34
2017,North Carolina,68.22
2017,North Carolina A&T,26.96
2017,North Carolina Central,53.4
2017,North Carolina St.,43.26
2017,North Dakota,85
2017,North Dakota St.,72.74
2017,North Florida,52.78
2017,North Texas,79.1
2017,Northeastern,34.76
2017,Northern Arizona,66.98
2017,Northern Colorado,30.52
2017,Northern Illinois,64.2
2017,Northern Iowa,48.5
2017,Northern Kentucky,54.58
2017,Northwestern,67.82
2017,Northwestern St.,79.34
2017,Notre Dame,66.48
2017,Oakland,55.52
2017,Ohio,80.76
2017,Ohio St.,79.04
2017,Oklahoma,40.78
2017,Oklahoma St.,52.66
2017,Old Dominion,58.14
2017,Oral Roberts,62.72
2017,Oregon,68.26
2017,Oregon St.,38.32
2017,Pacific,84.62
2017,Penn,74.08
2017,Penn St.,59.06
2017,Pepperdine,44.48
2017,Pittsburgh,65.4
2017,Portland,68.62
2017,Portland St.,40.02
2017,Prairie View A&M,70.28
2017,Presbyterian,63.04
2017,Princeton,99.12
2017,Providence,53.94
2017,Purdue,60.7
2017,Quinnipiac,47.92
2017,Radford,33.2
2017,Rhode Island,73.58
2017,Rice,80.96
2017,Richmond,58.16
2017,Rider,40.44
2017,Robert Morris,61.48
2017,Rutgers,46.28
2017,Sacramento St.,75.22
2017,Sacred Heart,46.18
2017,Saint Joseph's,35.32
2017,Saint Louis,58.12
2017,Saint Mary's,98.16
2017,Saint Peter's,66.86
2017,Sam Houston St.,83.48
2017,Samford,35.08
2017,San Diego,39.04
2017,San Diego St.,63.64
2017,San Francisco,35.34
2017,San Jose St.,69.04
2017,Santa Clara,93.36
2017,Savannah St.,38.92
2017,Seattle,69.92
2017,Seton Hall,70.52
2017,Siena,72.86
2017,SIU Edwardsville,55.4
2017,SMU,54.16
2017,South Alabama,68.86
2017,South Carolina,49.48
2017,South Carolina St.,62.9
2017,South Dakota,19.54
2017,South Dakota St.,45.2
2017,South Florida,45.1
2017,Southeast Missouri St.,47.9
2017,Southeastern Louisiana,51
2017,Southern,54.74
2017,Southern Illinois,66.7
2017,Southern Miss,68.88
2017,Southern Utah,38.24
2017,St. Bonaventure,51.02
2017,St. Francis NY,34.36
2017,St. Francis PA,32.76
2017,St. John's,50.68
2017,Stanford,82.78
2017,Stephen F. Austin,34.88
2017,Stetson,77.62
2017,Stony Brook,34.2
2017,Syracuse,43.78
2017,TCU,78.36
2017,Temple,51.04
2017,Tennessee,45.02
2017,Tennessee Martin,34.08
2017,Tennessee St.,45.7
2017,Tennessee Tech,40.92
2017,Texas,36.72
2017,Texas A&M,44.5
2017,Texas A&M Corpus Chris,33.88
2017,Texas Southern,27.2
2017,Texas St.,42.08
2017,Texas Tech,67.26
2017,The Citadel,50.54
2017,Toledo,64.2
2017,Towson,60.4
2017,Troy,81.12
2017,Tulane,60.54
2017,Tulsa,17.86
2017,UAB,78.68
2017,UC Davis,65.32
2017,UC Irvine,44.18
2017,UC Riverside,58.46
2017,UC Santa Barbara,44.08
2017,UCF,44.74
2017,UCLA,67.08
2017,UMass Lowell,71.7
2017,UMBC,89.32
2017,UMKC,70.68
2017,UNC Asheville,53.28
2017,UNC Greensboro,83.36
2017,UNC Wilmington,70.42
2017,UNLV,16.26
2017,USC,49.82
2017,USC Upstate,77.34
2017,UT Arlington,80.46
2017,UT Rio Grande Valley,36.2
2017,Utah,26.78
2017,Utah St.,48.24
2017,Utah Valley,28.34
2017,UTEP,53.34
2017,UTSA,56.64
2017,Valparaiso,49
2017,Vanderbilt,63.26
2017,VCU,65.12
2017,Vermont,83.38
2017,Villanova,72.24
2017,Virginia,56.88
2017,Virginia Tech,65.34
2017,VMI,69.78
2017,Wagner,63.86
2017,Wake Forest,60.3
2017,Washington,50.86
2017,Washington St.,60.04
2017,Weber St.,82.96
2017,West Virginia,65.78
2017,Western Carolina,40.3
2017,Western Illinois,60.72
2017,Western Kentucky,29.24
2017,Western Michigan,64.94
2017,Wichita St.,48.7
2017,William & Mary,69.94
2017,Winthrop,71.66
2017,Wisconsin,99.72
2017,Wofford,56.02
2017,Wright St.,46.64
2017,Wyoming,74.68
2017,Xavier,61.28
2017,Yale,24.98
2017,Youngstown St.,72.76
2018,Abilene Christian,91.82
2018,Air Force,70.8
2018,Akron,21.66
2018,Alabama,61.36
2018,Alabama A&M,45.08
2018,Alabama St.,45.12
2018,Albany,67.08
2018,Alcorn St.,59.5
2018,American,32.02
2018,Appalachian St.,59.66
2018,Arizona,49.6
2018,Arizona St.,51.42
2018,Arkansas,62.1
2018,Arkansas Pine Bluff,58.48
2018,Arkansas St.,59.62
2018,Army,73.66
2018,Auburn,47.7
2018,Austin Peay,22.28
2018,Ball St.,72.66
2018,Baylor,56.64
2018,Belmont,60.2
2018,Bethune Cookman,41.94
2018,Binghamton,82.52
2018,Boise St.,56.68
2018,Boston College,52.86
2018,Boston University,58.2
2018,Bowling Green,52.78
2018,Bradley,88.76
2018,Brown,49.52
2018,Bryant,61.06
2018,Bucknell,92.34
2018,Buffalo,49.46
2018,Butler,52.08
2018,BYU,40.72
2018,Cal Poly,55.66
2018,Cal St. Bakersfield,45.52
2018,Cal St. Fullerton,61.5
2018,Cal St. Northridge,36.46
2018,California,16.9
2018,Campbell,84.74
2018,Canisius,49.14
2018,Central Arkansas,68.74
2018,Central Connecticut,59.2
2018,Central Michigan,52.1
2018,Charleston Southern,56.28
2018,Charlotte,56.98
2018,Chattanooga,29.56
2018,Chicago St.,41.36
2018,Cincinnati,66.62
2018,Clemson,55.16
2018,Cleveland St.,60.84
2018,Coastal Carolina,52.1
2018,Colgate,90.42
2018,College of Charleston,91.58
2018,Colorado,38.98
2018,Colorado St.,54.54
2018,Columbia,63.44
2018,Connecticut,33.66
2018,Coppin St.,41.7
2018,Cornell,54
2018,Creighton,53.72
2018,Dartmouth,53.52
2018,Davidson,75.54
2018,Dayton,31.3
2018,Delaware,64.16
2018,Delaware St.,43.98
2018,Denver,77.94
2018,DePaul,63.2
2018,Detroit,67.2
2018,Drake,74.68
2018,Drexel,56.74
2018,Duke,19.18
2018,Duquesne,46.42
2018,East Carolina,29.24
2018,East Tennessee St.,41.46
2018,Eastern Illinois,62.24
2018,Eastern Kentucky,66.86
2018,Eastern Michigan,41.2
2018,Eastern Washington,64.96
2018,Elon,83.02
2018,Evansville,45.88
2018,Fairfield,58.72
2018,Fairleigh Dickinson,64.32
2018,FIU,24.1
2018,Florida,48.24
2018,Florida A&M,69
2018,Florida Atlantic,48.82
2018,Florida Gulf Coast,57.68
2018,Florida St.,47.12
2018,Fordham,48.66
2018,Fort Wayne,60.06
2018,Fresno St.,68.08
2018,Furman,83.26
2018,Gardner Webb,71.62
2018,George Mason,53.44
2018,George Washington,38.68
2018,Georgetown,45.72
2018,Georgia,76.54
2018,Georgia Southern,90.3
2018,Georgia St.,58.42
2018,Georgia Tech,58
2018,Gonzaga,46.1
2018,Grambling St.,30.32
2018,Grand Canyon,73.82
2018,Green Bay,20.5
2018,Hampton,72.18
2018,Hartford,78.56
2018,Harvard,70.66
2018,Hawaii,77.36
2018,High Point,55.44
2018,Hofstra,49.48
2018,Holy Cross,40.64
2018,Houston,54.48
2018,Houston Baptist,33.46
2018,Howard,26.66
2018,Idaho,81.76
2018,Idaho St.,62.66
2018,Illinois,33.74
2018,Illinois Chicago,72.5
2018,Illinois St.,32.22
2018,Incarnate Word,76.62
2018,Indiana,66.78
2018,Indiana St.,43.18
2018,Iona,53.34
2018,Iowa,79.44
2018,Iowa St.,24.28
2018,IUPUI,50.02
2018,Jackson St.,28.12
2018,Jacksonville,36.18
2018,Jacksonville St.,59.04
2018,James Madison,28.14
2018,Kansas,46.64
2018,Kansas St.,58.54
2018,Kennesaw St.,53.04
2018,Kent St.,62.98
2018,Kentucky,11.62
2018,La Salle,61.98
2018,Lafayette,73.68
2018,Lamar,72
2018,Lehigh,47.2
2018,Liberty,60.1
2018,Lipscomb,67.62
2018,Little Rock,17.42
2018,LIU Brooklyn,52.5
2018,Long Beach St.,37.08
2018,Longwood,43.64
2018,Louisiana Lafayette,77.08
2018,Louisiana Monroe,61.92
2018,Louisiana Tech,71.08
2018,Louisville,54.32
2018,Loyola Chicago,72.82
2018,Loyola Marymount,30.26
2018,Loyola MD,70.92
2018,LSU,57.78
2018,Maine,39.04
2018,Manhattan,61.24
2018,Marist,67.04
2018,Marquette,53.6
2018,Marshall,40.38
2018,Maryland,61.64
2018,Maryland Eastern Shore,20.06
2018,Massachusetts,44.44
2018,McNeese St.,70.56
2018,Memphis,28.3
2018,Mercer,84.8
2018,Miami FL,67.76
2018,Miami OH,42.74
2018,Michigan,43.44
2018,Michigan St.,74.18
2018,Middle Tennessee,53.8
2018,Milwaukee,73.52
2018,Minnesota,77.86
2018,Mississippi,58.52
2018,Mississippi St.,73.06
2018,Mississippi Valley St.,15.76
2018,Missouri,66.72
2018,Missouri St.,63.34
2018,Monmouth,42.92
2018,Montana,59.36
2018,Montana St.,80.54
2018,Morehead St.,20.46
2018,Morgan St.,81.82
2018,Mount St. Mary's,46.8
2018,Murray St.,54.3
2018,Navy,81.4
2018,Nebraska,55.08
2018,Nebraska Omaha,49
2018,Nevada,43.54
2018,New Hampshire,60.92
2018,New Mexico,26.3
2018,New Mexico St.,40.88
2018,New Orleans,41.78
2018,Niagara,82.28
2018,Nicholls St.,37.46
2018,NJIT,53.7
2018,Norfolk St.,35.16
2018,North Carolina,42.7
2018,North Carolina A&T,44.24
2018,North Carolina Central,11.5
2018,North Carolina St.,44.96
2018,North Dakota,42.46
2018,North Dakota St.,55.66
2018,North Florida,30.26
2018,North Texas,42.4
2018,Northeastern,61.22
2018,Northern Arizona,35.96
2018,Northern Colorado,68.14
2018,Northern Illinois,30.36
2018,Northern Iowa,66.4
2018,Northern Kentucky,76.62
2018,Northwestern,80.18
2018,Northwestern St.,46.14
2018,Notre Dame,61.76
2018,Oakland,65.36
2018,Ohio,57.18
2018,Ohio St.,55.9
2018,Oklahoma,78.44
2018,Oklahoma St.,57.92
2018,Old Dominion,57.58
2018,Oral Roberts,34.8
2018,Oregon,18.48
2018,Oregon St.,90.04
2018,Pacific,25.32
2018,Penn,81.92
2018,Penn St.,79.02
2018,Pepperdine,32.38
2018,Pittsburgh,9.64
2018,Portland,33.24
2018,Portland St.,48.44
2018,Prairie View A&M,42.26
2018,Presbyterian,59.4
2018,Princeton,54.98
2018,Providence,80.98
2018,Purdue,75.48
2018,Quinnipiac,33.34
2018,Radford,88.6
2018,Rhode Island,72.06
2018,Rice,27.88
2018,Richmond,56.58
2018,Rider,37.9
2018,Robert Morris,24.34
2018,Rutgers,67.78
2018,Sacramento St.,41.46
2018,Sacred Heart,69.68
2018,Saint Joseph's,67.66
2018,Saint Louis,42.28
2018,Saint Mary's,67.68
2018,Saint Peter's,35.48
2018,Sam Houston St.,46.02
2018,Samford,88.3
2018,San Diego,62.8
2018,San Diego St.,53.36
2018,San Francisco,77.5
2018,San Jose St.,49.52
2018,Santa Clara,58.5
2018,Savannah St.,49.98
2018,Seattle,34.3
2018,Seton Hall,79.7
2018,Siena,35.4
2018,SIU Edwardsville,51.08
2018,SMU,42.66
2018,South Alabama,42.48
2018,South Carolina,33.2
2018,South Carolina St.,45.26
2018,South Dakota,78.36
2018,South Dakota St.,68.16
2018,South Florida,14.7
2018,Southeast Missouri St.,38.1
2018,Southeastern Louisiana,59.52
2018,Southern,55.66
2018,Southern Illinois,42.4
2018,Southern Miss,50.66
2018,Southern Utah,43.78
2018,St. Bonaventure,73.48
2018,St. Francis NY,63.42
2018,St. Francis PA,69.96
2018,St. John's,67.94
2018,Stanford,60.46
2018,Stephen F. Austin,72
2018,Stetson,70.54
2018,Stony Brook,61.38
2018,Syracuse,25.16
2018,TCU,77.16
2018,Temple,72.62
2018,Tennessee,59.08
2018,Tennessee Martin,32.7
2018,Tennessee St.,52.72
2018,Tennessee Tech,74.16
2018,Texas,56.3
2018,Texas A&M,73.36
2018,Texas A&M Corpus Chris,44.26
2018,Texas Southern,32.18
2018,Texas St.,47.9
2018,Texas Tech,54.02
2018,The Citadel,68.74
2018,Toledo,46.86
2018,Towson,77.5
2018,Troy,67.34
2018,Tulane,59.94
2018,Tulsa,68.86
2018,UAB,41.9
2018,UC Davis,38.58
2018,UC Irvine,63.6
2018,UC Riverside,63.72
2018,UC Santa Barbara,79.5
2018,UCF,55.74
2018,UCLA,30.82
2018,UMass Lowell,59.42
2018,UMBC,73
2018,UMKC,33.02
2018,UNC Asheville,72.44
2018,UNC Greensboro,70.38
2018,UNC Wilmington,33.76
2018,UNLV,35.1
2018,USC,83.52
2018,USC Upstate,66.32
2018,UT Arlington,57.36
2018,UT Rio Grande Valley,69.26
2018,Utah,49.02
2018,Utah St.,57.2
2018,Utah Valley,61.42
2018,UTEP,66.02
2018,UTSA,57.9
2018,Valparaiso,50.74
2018,Vanderbilt,71.62
2018,VCU,31.82
2018,Vermont,66.36
2018,Villanova,55.88
2018,Virginia,58.54
2018,Virginia Tech,56.3
2018,VMI,32.46
2018,Wagner,43.42
2018,Wake Forest,59.14
2018,Washington,73.64
2018,Washington St.,38.62
2018,Weber St.,46.24
2018,West Virginia,52.64
2018,Western Carolina,87.1
2018,Western Illinois,61.1
2018,Western Kentucky,16.46
2018,Western Michigan,83.3
2018,Wichita St.,89.04
2018,William & Mary,47.48
2018,Winthrop,47.28
2018,Wisconsin,39.42
2018,Wofford,57.34
2018,Wright St.,52.86
2018,Wyoming,71.36
2018,Xavier,66.64
2018,Yale,60.14
2018,Youngstown St.,53.96
2019,Abilene Christian,65.94
2019,Air Force,50.86
2019,Akron,47.32
2019,Alabama,76.76
2019,Alabama A&M,50.52
2019,Alabama St.,76.86
2019,Albany,20.06
2019,Alcorn St.,43.9
2019,American,89.28
2019,Appalachian St.,76.34
2019,Arizona,23.44
2019,Arizona St.,48.64
2019,Arkansas,19.58
2019,Arkansas Pine Bluff,64.9
2019,Arkansas St.,53.36
2019,Army,85.22
2019,Auburn,65.46
2019,Austin Peay,68.02
2019,Ball St.,70.94
2019,Baylor,33.08
2019,Belmont,49.54
2019,Bethune Cookman,74.18
2019,Binghamton,50.16
2019,Boise St.,52.28
2019,Boston College,78.94
2019,Boston University,50.04
2019,Bowling Green,65.1
2019,Bradley,79.46
2019,Brown,93.62
2019,Bryant,47.34
2019,Bucknell,55.32
2019,Buffalo,81.62
2019,Butler,72.8
2019,BYU,78.72
2019,Cal Poly,52.3
2019,Cal St. Bakersfield,61.1
2019,Cal St. Fullerton,88.56
2019,Cal St. Northridge,21.6
2019,California,47.08
2019,Campbell,54.76
2019,Canisius,69.56
2019,Central Arkansas,54.3
2019,Central Connecticut,50.58
2019,Central Michigan,55.08
2019,Charleston Southern,63.02
2019,Charlotte,43.16
2019,Chattanooga,14.62
2019,Chicago St.,37.22
2019,Cincinnati,58.56
2019,Clemson,63.24
2019,Cleveland St.,41.62
2019,Coastal Carolina,52.62
2019,Colgate,61.48
2019,College of Charleston,63.24
2019,Colorado,57.96
2019,Colorado St.,51.26
2019,Columbia,55.5
2019,Connecticut,64.46
2019,Coppin St.,59.34
2019,Cornell,81.38
2019,Creighton,41.48
2019,Dartmouth,67.8
2019,Davidson,52.32
2019,Dayton,59.12
2019,Delaware,54.4
2019,Delaware St.,27.22
2019,Denver,55.5
2019,DePaul,46.36
2019,Detroit,23.4
2019,Drake,17.3
2019,Drexel,48.82
2019,Duke,22.34
2019,Duquesne,40.5
2019,East Carolina,52.46
2019,East Tennessee St.,20.58
2019,Eastern Illinois,31.76
2019,Eastern Kentucky,44.42
2019,Eastern Michigan,71.58
2019,Eastern Washington,61.6
2019,Elon,69.98
2019,Evansville,43.88
2019,Fairfield,57.86
2019,Fairleigh Dickinson,76.36
2019,FIU,56.7
2019,Florida,65.2
2019,Florida A&M,36.72
2019,Florida Atlantic,24.1
2019,Florida Gulf Coast,35.52
2019,Florida St.,68.56
2019,Fordham,23.88
2019,Fort Wayne,53.98
2019,Fresno St.,37.56
2019,Furman,51.58
2019,Gardner Webb,59.82
2019,George Mason,99.94
2019,George Washington,42.04
2019,Georgetown,64.42
2019,Georgia,68.92
2019,Georgia Southern,53.66
2019,Georgia St.,76.6
2019,Georgia Tech,53.64
2019,Gonzaga,65.2
2019,Grambling St.,69.04
2019,Grand Canyon,46.88
2019,Green Bay,59.24
2019,Hampton,79.48
2019,Hartford,76.58
2019,Harvard,84.56
2019,Hawaii,75.56
2019,High Point,63.08
2019,Hofstra,74.88
2019,Holy Cross,89.42
2019,Houston,54.12
2019,Houston Baptist,65.14
2019,Howard,85.96
2019,Idaho,9.92
2019,Idaho St.,59.12
2019,Illinois,41.06
2019,Illinois Chicago,67
2019,Illinois St.,70.52
2019,Incarnate Word,41.88
2019,Indiana,57.42
2019,Indiana St.,53.6
2019,Iona,30.34
2019,Iowa,82.54
2019,Iowa St.,67.24
2019,IUPUI,52.62
2019,Jackson St.,27.96
2019,Jacksonville,55
2019,Jacksonville St.,54.18
2019,James Madison,75.5
2019,Kansas,44
2019,Kansas St.,88.36
2019,Kennesaw St.,46.88
2019,Kent St.,52.7
2019,Kentucky,32.7
2019,La Salle,51.62
2019,Lafayette,73.64
2019,Lamar,36.06
2019,Lehigh,83.24
2019,Liberty,76.36
2019,Lipscomb,88.04
2019,Little Rock,32.56
2019,LIU Brooklyn,64.38
2019,Long Beach St.,75.64
2019,Longwood,59.58
2019,Louisiana Lafayette,58.74
2019,Louisiana Monroe,37.58
2019,Louisiana Tech,66.2
2019,Louisville,42.92
2019,Loyola Chicago,57.38
2019,Loyola Marymount,85.9
2019,Loyola MD,64.68
2019,LSU,43.64
2019,Maine,52.12
2019,Manhattan,33.34
2019,Marist,84.94
2019,Marquette,69.48
2019,Marshall,75.48
2019,Maryland,50.7
2019,Maryland Eastern Shore,49.44
2019,Massachusetts,52.68
2019,McNeese St.,36.96
2019,Memphis,65.5
2019,Mercer,32.18
2019,Miami FL,49.2
2019,Miami OH,72.34
2019,Michigan,51.76
2019,Michigan St.,58.42
2019,Middle Tennessee,14.88
2019,Milwaukee,24
2019,Minnesota,55.96
2019,Mississippi,53.34
2019,Mississippi St.,83.58
2019,Mississippi Valley St.,57.36
2019,Missouri,39.52
2019,Missouri St.,36.92
2019,Monmouth,65.24
2019,Montana,81.28
2019,Montana St.,56.4
2019,Morehead St.,67.82
2019,Morgan St.,54
2019,Mount St. Mary's,6.64
2019,Murray St.,33.84
2019,Navy,45.62
2019,Nebraska,64.48
2019,Nebraska Omaha,66.3
2019,Nevada,50.34
2019,New Hampshire,48.16
2019,New Mexico,38.42
2019,New Mexico St.,43.54
2019,New Orleans,56.26
2019,Niagara,63.22
2019,Nicholls St.,26.82
2019,NJIT,81.26
2019,Norfolk St.,58.02
2019,North Carolina,65.66
2019,North Carolina A&T,35.08
2019,North Carolina Central,61.54
2019,North Carolina St.,40.88
2019,North Dakota,61.26
2019,North Dakota St.,57.32
2019,North Florida,88.04
2019,North Texas,70.4
2019,Northeastern,78.5
2019,Northern Arizona,37.54
2019,Northern Colorado,51.74
2019,Northern Illinois,85.3
2019,Northern Iowa,51.26
2019,Northern Kentucky,42.82
2019,Northwestern,54.8
2019,Northwestern St.,70.42
2019,Notre Dame,58.26
2019,Oakland,16.58
2019,Ohio,52.92
2019,Ohio St.,44.4
2019,Oklahoma,55.66
2019,Oklahoma St.,30.38
2019,Old Dominion,54.92
2019,Oral Roberts,39.46
2019,Oregon,49.46
2019,Oregon St.,66.86
2019,Pacific,57.58
2019,Penn,71.82
2019,Penn St.,51.4
2019,Pepperdine,48.78
2019,Pittsburgh,57.1
2019,Portland,73.68
2019,Portland St.,46.16
2019,Prairie View A&M,39.06
2019,Presbyterian,66.04
2019,Princeton,66.76
2019,Providence,53.8
2019,Purdue,42.7
2019,Quinnipiac,62.7
2019,Radford,72.12
2019,Rhode Island,35.42
2019,Rice,33.08
2019,Richmond,63.06
2019,Rider,86.94
2019,Robert Morris,69.46
2019,Rutgers,51.56
2019,Sacramento St.,69.92
2019,Sacred Heart,50.5
2019,Saint Joseph's,53.56
2019,Saint Louis,55.02
2019,Saint Mary's,35.66
2019,Saint Peter's,56.26
2019,Sam Houston St.,38.12
2019,Samford,23.36
2019,San Diego,74.58
2019,San Diego St.,62.96
2019,San Francisco,73.4
2019,San Jose St.,35.9
2019,Santa Clara,35.44
2019,Savannah St.,18.44
2019,Seattle,34.38
2019,Seton Hall,37.6
2019,Siena,34.7
2019,SIU Edwardsville,58.06
2019,SMU,54.26
2019,South Alabama,73.68
2019,South Carolina,66.58
2019,South Carolina St.,58.44
2019,South Dakota,51.86
2019,South Dakota St.,57.72
2019,South Florida,28.36
2019,Southeast Missouri St.,44.7
2019,Southeastern Louisiana,46.34
2019,Southern,46.42
2019,Southern Illinois,81.06
2019,Southern Miss,82.48
2019,Southern Utah,49
2019,St. Bonaventure,41.42
2019,St. Francis NY,51.18
2019,St. Francis PA,79.94
2019,St. John's,58.24
2019,Stanford,50.38
2019,Stephen F. Austin,52.3
2019,Stetson,33.12
2019,Stony Brook,46.5
2019,Syracuse,90.72
2019,TCU,57.66
2019,Temple,68.88
2019,Tennessee,87.08
2019,Tennessee Martin,40.44
2019,Tennessee St.,39.66
2019,Tennessee Tech,26.42
2019,Texas,68.86
2019,Texas A&M,24.24
2019,Texas A&M Corpus Chris,47.2
2019,Texas Southern,33.88
2019,Texas St.,59.38
2019,Texas Tech,35.76
2019,The Citadel,64.08
2019,Toledo,71.66
2019,Towson,23.1
2019,Troy,56.32
2019,Tulane,44.98
2019,Tulsa,56.66
2019,UAB,41.48
2019,UC Davis,70.22
2019,UC Irvine,85.42
2019,UC Riverside,30.16
2019,UC Santa Barbara,36.58
2019,UCF,69.4
2019,UCLA,52.56
2019,UMass Lowell,50.96
2019,UMBC,51.58
2019,UMKC,54.42
2019,UNC Asheville,6.8
2019,UNC Greensboro,63.82
2019,UNC Wilmington,59.26
2019,UNLV,49.98
2019,USC,53
2019,USC Upstate,49.14
2019,UT Arlington,8.02
2019,UT Rio Grande Valley,39.88
2019,Utah,38.12
2019,Utah St.,58.96
2019,Utah Valley,38.58
2019,UTEP,32.04
2019,UTSA,68.6
2019,Valparaiso,56.54
2019,Vanderbilt,37
2019,VCU,59
2019,Vermont,45.14
2019,Villanova,39.2
2019,Virginia,62.08
2019,Virginia Tech,61.16
2019,VMI,57.54
2019,Wagner,58.56
2019,Wake Forest,31.88
2019,Washington,95.18
2019,Washington St.,53.48
2019,Weber St.,68.26
2019,West Virginia,57.06
2019,Western Carolina,41.34
2019,Western Illinois,64.78
2019,Western Kentucky,50.18
2019,Western Michigan,29.08
2019,Wichita St.,11.22
2019,William & Mary,58.08
2019,Winthrop,67.84
2019,Wisconsin,90.08
2019,Wofford,91.58
2019,Wright St.,64.2
2019,Wyoming,32.14
2019,Xavier,41.86
2019,Yale,90.44
2019,Youngstown St.,34.32
2020,Abilene Christian,45.7
2020,Air Force,88.2
2020,Akron,62.1
2020,Alabama,52
2020,Alabama A&M,52
2020,Alabama St.,59.3
2020,Albany,78.3
2020,Alcorn St.,88.1
2020,American,65.8
2020,Appalachian St.,65.3
2020,Arizona,37.2
2020,Arizona St.,62.6
2020,Arkansas,62.9
2020,Arkansas Pine Bluff,53.1
2020,Arkansas St.,46.9
2020,Army,66.5
2020,Auburn,37.3
2020,Austin Peay,28
2020,Ball St.,68.8
2020,Baylor,65.1
2020,Belmont,66.8
2020,Bethune Cookman,54.1
2020,Binghamton,25.3
2020,Boise St.,70.3
2020,Boston College,55.8
2020,Boston University,79.1
2020,Bowling Green,68
2020,Bradley,60.4
2020,Brown,65.1
2020,Bryant,55.7
2020,Bucknell,64.9
2020,Buffalo,36.4
2020,Butler,68.4
2020,BYU,60.1
2020,Cal Baptist,64.2
2020,Cal Poly,56.6
2020,Cal St. Bakersfield,38.3
2020,Cal St. Fullerton,51.9
2020,Cal St. Northridge,85.9
2020,California,57
2020,Campbell,51.6
2020,Canisius,50.1
2020,Central Arkansas,65.2
2020,Central Connecticut,42.8
2020,Central Michigan,65.8
2020,Charleston Southern,73.1
2020,Charlotte,53.5
2020,Chattanooga,59.9
2020,Chicago St.,20.4
2020,Cincinnati,52.2
2020,Clemson,36.3
2020,Cleveland St.,39.9
2020,Coastal Carolina,55.6
2020,Colgate,71.8
2020,College of Charleston,63.9
2020,Colorado,94.1
2020,Colorado St.,58.8
2020,Columbia,77.5
2020,Connecticut,67.6
2020,Coppin St.,32.9
2020,Cornell,45.7
2020,Creighton,72.2
2020,Dartmouth,68.1
2020,Davidson,94.8
2020,Dayton,70.8
2020,Delaware,40.5
2020,Delaware St.,59.1
2020,Denver,44.1
2020,DePaul,57.1
2020,Detroit,43.4
2020,Drake,65.1
2020,Drexel,62
2020,Duke,45.3
2020,Duquesne,77.1
2020,East Carolina,15.2
2020,East Tennessee St.,79.7
2020,Eastern Illinois,75.4
2020,Eastern Kentucky,67.2
2020,Eastern Michigan,32.5
2020,Eastern Washington,62.4
2020,Elon,52.4
2020,Evansville,67.9
2020,Fairfield,58.4
2020,Fairleigh Dickinson,65.1
2020,FIU,61.1
2020,Florida,46
2020,Florida A&M,61.1
2020,Florida Atlantic,63.2
2020,Florida Gulf Coast,41.5
2020,Florida St.,43
2020,Fordham,65
2020,Fort Wayne,50.7
2020,Fresno St.,51.1
2020,Furman,73.5
2020,Gardner Webb,68.2
2020,George Mason,68
2020,George Washington,70.5
2020,Georgetown,64.5
2020,Georgia,39.5
2020,Georgia Southern,68.2
2020,Georgia St.,33.3
2020,Georgia Tech,73.9
2020,Gonzaga,27
2020,Grambling St.,67.5
2020,Grand Canyon,37.4
2020,Green Bay,80.3
2020,Hampton,44.8
2020,Hartford,7.6
2020,Harvard,96.4
2020,Hawaii,57.2
2020,High Point,44.1
2020,Hofstra,60.9
2020,Holy Cross,34.8
2020,Houston,46.4
2020,Houston Baptist,56.2
2020,Howard,52
2020,Idaho,49
2020,Idaho St.,50.6
2020,Illinois,81.6
2020,Illinois Chicago,99.4
2020,Illinois St.,29.3
2020,Incarnate Word,65.6
2020,Indiana,58.8
2020,Indiana St.,72.5
2020,Iona,70.5
2020,Iowa,60.8
2020,Iowa St.,37.4
2020,IUPUI,37.8
2020,Jackson St.,48.1
2020,Jacksonville,54.1
2020,Jacksonville St.,28.2
2020,James Madison,69.4
2020,Kansas,55.2
2020,Kansas St.,53.8
2020,Kennesaw St.,69.6
2020,Kent St.,55.1
2020,Kentucky,36.8
2020,La Salle,64.1
2020,Lafayette,89.2
2020,Lamar,47.4
2020,Lehigh,49
2020,Liberty,75.9
2020,Lipscomb,35.7
2020,Little Rock,70
2020,LIU Brooklyn,75.1
2020,Long Beach St.,23.1
2020,Longwood,66.1
2020,Louisiana Lafayette,34.5
2020,Louisiana Monroe,45.7
2020,Louisiana Tech,73.6
2020,Louisville,66.9
2020,Loyola Chicago,61
2020,Loyola Marymount,58.5
2020,Loyola MD,89
2020,LSU,59.4
2020,Maine,53.5
2020,Manhattan,83.5
2020,Marist,29.7
2020,Marquette,59.1
2020,Marshall,53.7
2020,Maryland,83.3
2020,Maryland Eastern Shore,60.2
2020,Massachusetts,47.4
2020,McNeese St.,37.3
2020,Memphis,29.1
2020,Mercer,55.2
2020,Merrimack,70
2020,Miami FL,50.2
2020,Miami OH,63.5
2020,Michigan,54.2
2020,Michigan St.,65.6
2020,Middle Tennessee,67.1
2020,Milwaukee,58.8
2020,Minnesota,32.8
2020,Mississippi,57.2
2020,Mississippi St.,57.6
2020,Mississippi Valley St.,36.4
2020,Missouri,65.9
2020,Missouri St.,48.4
2020,Monmouth,76.2
2020,Montana,38.3
2020,Montana St.,44.5
2020,Morehead St.,56.7
2020,Morgan St.,70.3
2020,Mount St. Mary's,96
2020,Murray St.,47.2
2020,Navy,55.5
2020,Nebraska,4.1
2020,Nebraska Omaha,61.2
2020,Nevada,15.7
2020,New Hampshire,74.6
2020,New Mexico,64.8
2020,New Mexico St.,75.5
2020,New Orleans,75.5
2020,Niagara,37.4
2020,Nicholls St.,56.3
2020,NJIT,89.3
2020,Norfolk St.,24.9
2020,North Alabama,67.9
2020,North Carolina,26.8
2020,North Carolina A&T,46.7
2020,North Carolina Central,37.8
2020,North Carolina St.,71.6
2020,North Dakota,75.3
2020,North Dakota St.,87.9
2020,North Florida,80.5
2020,North Texas,60.2
2020,Northeastern,48.9
2020,Northern Arizona,74.2
2020,Northern Colorado,72.3
2020,Northern Illinois,61.3
2020,Northern Iowa,83.4
2020,Northern Kentucky,67.6
2020,Northwestern,44.8
2020,Northwestern St.,54.3
2020,Notre Dame,89
2020,Oakland,38.2
2020,Ohio,30
2020,Ohio St.,68.8
2020,Oklahoma,41.5
2020,Oklahoma St.,76.2
2020,Old Dominion,56.6
2020,Oral Roberts,75
2020,Oregon,36.4
2020,Oregon St.,71.4
2020,Pacific,31.4
2020,Penn,59
2020,Penn St.,70.3
2020,Pepperdine,75.2
2020,Pittsburgh,60.4
2020,Portland,52.5
2020,Portland St.,43.2
2020,Prairie View A&M,45.5
2020,Presbyterian,40.6
2020,Princeton,75.3
2020,Providence,74.6
2020,Purdue,53.1
2020,Quinnipiac,55.7
2020,Radford,64.5
2020,Rhode Island,80.4
2020,Rice,75.1
2020,Richmond,85.3
2020,Rider,63.6
2020,Robert Morris,66.4
2020,Rutgers,71.4
2020,Sacramento St.,77
2020,Sacred Heart,84.8
2020,Saint Joseph's,30.2
2020,Saint Louis,45.2
2020,Saint Mary's,87.4
2020,Saint Peter's,58.1
2020,Sam Houston St.,44.7
2020,Samford,71.5
2020,San Diego,34.6
2020,San Diego St.,52.7
2020,San Francisco,61.5
2020,San Jose St.,53.5
2020,Santa Clara,78.3
2020,Seattle,89.7
2020,Seton Hall,84.9
2020,Siena,48.7
2020,SIU Edwardsville,61
2020,SMU,49.5
2020,South Alabama,57.7
2020,South Carolina,54.3
2020,South Carolina St.,67.5
2020,South Dakota,79.7
2020,South Dakota St.,30.3
2020,South Florida,90.4
2020,Southeast Missouri St.,54.1
2020,Southeastern Louisiana,44.5
2020,Southern,28.1
2020,Southern Illinois,32.5
2020,Southern Miss,38.8
2020,Southern Utah,67.2
2020,St. Bonaventure,52
2020,St. Francis NY,55.4
2020,St. Francis PA,64.3
2020,St. John's,36.2
2020,Stanford,55.5
2020,Stephen F. Austin,49
2020,Stetson,41.1
2020,Stony Brook,61.1
2020,Syracuse,44.9
2020,TCU,38.9
2020,Temple,72.1
2020,Tennessee,40.6
2020,Tennessee Martin,39.1
2020,Tennessee St.,32.6
2020,Tennessee Tech,50.6
2020,Texas,55.3
2020,Texas A&M,65.9
2020,Texas A&M Corpus Chris,61.1
2020,Texas Southern,30.7
2020,Texas St.,51.8
2020,Texas Tech,25.4
2020,The Citadel,39
2020,Toledo,58.2
2020,Towson,82.2
2020,Troy,34.6
2020,Tulane,20
2020,Tulsa,51.9
2020,UAB,71.1
2020,UC Davis,49.6
2020,UC Irvine,50.8
2020,UC Riverside,71.6
2020,UC Santa Barbara,70.4
2020,UCF,22.1
2020,UCLA,58.7
2020,UMass Lowell,68.9
2020,UMBC,77.3
2020,UMKC,50.2
2020,UNC Asheville,85.4
2020,UNC Greensboro,64
2020,UNC Wilmington,48.1
2020,UNLV,43.3
2020,USC,40.8
2020,USC Upstate,54.5
2020,UT Arlington,71.8
2020,UT Rio Grande Valley,61.2
2020,Utah,33.5
2020,Utah St.,71.3
2020,Utah Valley,30.2
2020,UTEP,63.8
2020,UTSA,72.7
2020,Valparaiso,46.2
2020,Vanderbilt,52
2020,VCU,82.6
2020,Vermont,75.7
2020,Villanova,53
2020,Virginia,40.1
2020,Virginia Tech,24.9
2020,VMI,70.1
2020,Wagner,28.2
2020,Wake Forest,78.2
2020,Washington,27.4
2020,Washington St.,49.1
2020,Weber St.,69.1
2020,West Virginia,60.8
2020,Western Carolina,82.8
2020,Western Illinois,70.8
2020,Western Kentucky,66.8
2020,Western Michigan,66
2020,Wichita St.,55.5
2020,William & Mary,39.3
2020,Winthrop,44.8
2020,Wisconsin,69.7
2020,Wofford,53.7
2020,Wright St.,58.7
2020,Wyoming,71.9
2020,Xavier,61.3
2020,Yale,44.8
2020,Youngstown St.,81.9
